1,007：大破天幕杀机,28315.070000000003
1,007：大破量子危机,19.18
1,101次求婚,0.01
1,2012 3D,0.02
1,201314,1302.7799999999997
1,201413,44.73
1,37次想你,1.98
1,9号女神,5.1099999999999985
1,B+侦探,0.10999999999999999
1,B区32号,0.04
1,N见钟情,0.5900000000000001
1,U盘,7.4
1,一九四二,100.64
1,一代宗师,24091.719999999998
1,一代宗师3D,6180.120000000001
1,一切都好,2100.45
1,一夜成名,0.05
1,一家老小向前冲,191.0
1,一念天堂,4846.499999999999
1,一江明烛,4.159999999999999
1,一生有爱,0.04
1,一触即发,15540.849999999999
1,三国之见龙卸甲,0.28
1,三月情流感,0.04
1,三笑之才子佳人,0.02
1,不是钱的事,0.9299999999999999
1,不是闹着玩的,0.03
1,不爱不散,63.48
1,不能忘却的长征,0.0
1,丛林有情狼,0.14
1,东北偏北,1.2
1,东方大港,1.3
1,中国好声音之为你转身,87.69
1,为梦想，跑,0.89
1,乌龙戏凤2012,0.05
1,乐队,0.51
1,九局下半,0.12
1,二次曝光,0.02
1,云中行走,8086.96
1,云图,1650.19
1,云朵上的羊角花,0.060000000000000005
1,亚瑟和他的迷你王国2,0.05
1,亡命地中海,856.36
1,人再逋局泰,21802.800000000003
1,人在逋,10.4
1,伞头和他的女人,6.15
1,你的情歌我来唱,0.09
1,保安刘十八,0.06
1,保持通话,0.05
1,借你俩胆,0.24000000000000005
1,倾城之泪,0.09
1,假装情侣,0.06999999999999999
1,兄弟之生死同盟,0.05
1,全力扣杀,0.37
1,全城戒备,0.04
1,八星抱喜,0.3600000000000001
1,六福喜事,5366.4400000000005
1,兰花香,0.14
1,兵临城下之决战要塞,0.01
1,冬,0.18
1,冰美人,2.19
1,决战刹马镇,0.21000000000000002
1,凶间雪山,173.56
1,分手再说我爱你,224.2
1,初到东京,0.34
1,初夏日记,0.22999999999999998
1,初恋红豆冰,0.03
1,别拿自己不当干部,0.04
1,到阜阳六百里,0.25
1,刺客,0.33000000000000007
1,前任攻略,1433.8799999999999
1,前目的地,1205.3
1,功夫,2506.5299999999993
1,功夫之王,0.02
1,功夫咏春,0.08
1,功夫熊猫3,37699.47
1,勇士,1.31
1,北极,1.0100000000000002
1,匹夫,0.02
1,十万个冷笑话,9217.090000000002
1,十个约定,0.02
1,十二星座离奇事件,0.08
1,十二生肖,27600.619999999995
1,十全九美,0.03
1,午夜凶梦,0.04
1,午夜出租车,0.03
1,午夜微博,0.02
1,南平红荔,0.24
1,南方大冰雪,2.52
1,博物馆奇妙夜3,21999.16
1,危城之恋,0.01
1,危情营救,97.57
1,危险关系,0.11
1,又见梅兰芳,0.04
1,变节-潜罪犯,0.05
1,古城会,0.49
1,史前怪兽,2453.82
1,叶问,5.71
1,叶问2 宗师传奇,0.05
1,向阳花开,1.7500000000000002
1,听风者,0.02
1,吴仁宝,55.459999999999994
1,味道中国,71.8
1,命运呼叫转移,0.02
1,咱们是亲人,0.28
1,哭恋,9.059999999999999
1,唐人街探案,20162.89
1,唐山大地震,0.02
1,商魂,0.01
1,喜剧王,55.34
1,喜洋洋,1.5
1,喜羊羊与灰太狼之兔年顶呱呱,0.1
1,喜羊羊与灰太狼之喜气羊羊过蛇年,8444.769999999999
1,喜羊羊与灰太狼之开心闯龙年,3.59
1,喜羊羊与灰太狼之牛气冲天,0.3500000000000001
1,喜羊羊与灰太狼之羊年喜羊羊,1482.57
1,喜羊羊与灰太狼之飞马奇遇记,7670.989999999999
1,喜酒,0.04
1,四大名捕,0.09999999999999999
1,国酒,873.1499999999999
1,圣杯神器：骸骨之城,2705.0999999999995
1,地下室惊魂,370.41999999999996
1,坚不可摧,1005.8699999999999
1,夏日恋神马,0.24999999999999997
1,夜宴,0.08
1,夜店诡谈,0.18
1,大上海,5960.170000000001
1,大叔，我爱你,429.53
1,大城小事,0.03
1,大寒桃花开,107.79999999999998
1,大山的女儿,1.64
1,大武生,0.07999999999999999
1,大漠赤诚,9.46
1,大牌+39&deg;,0.03
1,大电影2.0之两个傻瓜的荒唐事,0.04
1,大腕,0.05
1,大追捕,0.8200000000000003
1,大闹天宫（动画版）,6.2700000000000005
1,天之恩赐,0.12
1,天地逃生,0.06
1,天津闲人,0.25
1,天生有福,1.5299999999999998
1,天生爱情狂,5.350000000000001
1,天行者,0.01
1,天际浩劫,0.15
1,天黑请闭眼,0.03
1,太空熊猫历险记,101.22
1,夺命地铁,1568.28
1,夺命追踪,741.72
1,夺宝联盟,2150.33
1,奇缘灰姑娘,1.79
1,奔爱,7.02
1,奔跑吧！兄弟,16634.92
1,奔驰的大葱,18.57
1,奥林匹斯的陷落,1840.9199999999998
1,女蛹,0.83
1,她们的名字叫做红,0.09
1,好运，特克斯,0.5
1,如果&middot;爱,0.01
1,姐姐词典,1.76
1,孝女彩金,22.11
1,孤岛惊魂,1.41
1,孤岛惊魂2,1379.59
1,孤胆义侠,1.3900000000000001
1,安妮：纽约奇缘,331.7499999999999
1,安娜卡列尼娜,0.04
1,安德的游戏,10747.880000000001
1,完美人生,0.03
1,完美的爱,0.01
1,完美超越,224.84
1,宝米恰恰,42.46
1,宝葫芦的秘密,0.4
1,宝贝，对不起,162.08
1,客房,1.14
1,家有喜事2009,0.27
1,密室之不可靠岸,0.02
1,寒战,0.03
1,对不起，我爱你,261.48
1,寻龙夺宝,0.12000000000000001
1,小小校长,6.199999999999999
1,小小飞虎队,103.89000000000001
1,小时代：青木时代,0.14
1,小门神,6624.94
1,小鱼吃大鱼,0.54
1,少共国际师,0.05
1,巴啦啦小魔仙,891.29
1,巴啦啦小魔仙之魔法的考验,1800.76
1,年兽大作战,15.22
1,建党伟业,3.4800000000000004
1,异冢,0.11
1,异度迷局,3.2099999999999995
1,张思德,0.18000000000000002
1,弹无虚发之对决黄金谷,0.06
1,弹无虚发之死亡之海,0.27
1,归途列车,0.30999999999999994
1,影子爱人,0.03
1,忠诚与背叛,0.32
1,快乐到家,11685.419999999998
1,怨灵人偶,1345.79
1,怪谈,699.38
1,恋人絮语,0.04
1,恋爱教父之三个“坏”家伙,93.17999999999998
1,恋爱通告,0.2
1,恶人报喜,2039.18
1,恶战,700.4
1,恶棍天使,1365.14
1,恶灵之门,368.78999999999996
1,情癫大圣,0.03
1,愤怒的小孩,372.45
1,我们这一家,0.08
1,我很帅,0.37
1,我是狼之火龙山大冒险,14.46
1,我最好的朋友江竹筠,0.06999999999999999
1,我的“狐朋狗友”,53.31999999999999
1,我的名字叫可汗,0.02
1,我的唐朝兄弟,0.01
1,我的左手,0.02
1,我的狗狗我的爱,14.05
1,我的诗篇,3.02
1,我老公不靠谱,27.7
1,我要你开花,64.01
1,我要回城,3.23
1,战鸽快飞,0.37
1,房不剩防,0.14
1,房间里的舞蹈,1.5
1,手机,0.05
1,找个高富帅,7.49
1,投名状,0.06
1,抢劫坚果店,1194.02
1,拯救大明星,428.92
1,指尖太阳,3.9500000000000006
1,挪威的森林,0.02
1,探秘者,13.16
1,搞定岳父大人,0.0
1,擦枪走火,0.3
1,敏感事件,0.04
1,救火英雄,6046.309999999999
1,敢死队,0.09000000000000001
1,文雀,0.22999999999999998
1,斑马总动员,2897.1400000000003
1,斗牛,0.11
1,新加坡电影周,3.8600000000000003
1,新天生一对,0.15
1,新少林寺,0.01
1,新康定情歌,0.02
1,无人驾驶,0.08
1,无间罪：僵尸重生,0.21
1,早安，冬日海,10.15
1,时光大战,23.19
1,时尚先生,0.02
1,星球大战：原力觉醒,67458.94000000002
1,星空,0.01
1,春娇与志明,1.7000000000000002
1,春桃,0.31
1,智取威虎山(动画版),1.3
1,暗恋99天,657.2300000000001
1,暴走吧，女人,0.04
1,暴走神探,2442.93
1,最后一课,0.02
1,最后的巫师猎人,14739.130000000001
1,最强质2011,1.5300000000000002
1,最爱,0.07
1,月圆凉州,0.01
1,有招没招之爱情达人,5.570000000000001
1,有话好好说,0.02
1,有这样一个医生,0.75
1,末日浩劫,372.04999999999995
1,朱大琴，请与本台联系,0.18
1,杀戒,0.06
1,杀手欧阳盆栽,0.09000000000000001
1,李小龙我的兄弟,0.08
1,李献计历险记,0.02
1,李祥和的婚事,2.04
1,杨梅洲,0.18
1,杨门女将之军令如山,0.42999999999999994
1,极地大冒险2,1.8099999999999998
1,极限挑战之皇家宝藏,12106.530000000002
1,果宝特攻之水果大逃亡,731.84
1,柳如是,0.09
1,根据地,0.34
1,桃枝的桃,1.3100000000000003
1,桔子的天空,15.549999999999999
1,梅花,0.47
1,梦回金沙城,0.14
1,武侠,0.04
1,武昌情殇,0.02
1,武林外传,0.19000000000000003
1,永不消失的广播,33.94
1,永无止境,0.07
1,江南爱情故事,0.44000000000000006
1,沈园情,0.11000000000000001
1,沉默的夏天,0.1
1,河东狮吼2,0.04
1,波鲁鲁冰雪大冒险,933.9000000000002
1,洛克王国2圣龙的心愿,1253.52
1,洛克王国！圣龙骑士,1.11
1,浩昊文字国历险记--大闹无字城,0.76
1,浩昊文字国历险记之智斗谜语城,5.78
1,浮出水面的影子,0.04
1,海岛冒险,0.03
1,海底大冒险,1335.51
1,消失爱人,5392.86
1,消失的爱人,1.76
1,澳门风云,2648.49
1,火线战将,0.01
1,火鸡总动员,0.16999999999999998
1,热爱岛,0.02
1,热血男人帮,131.16
1,熊出没之夺宝熊兵,15005.39
1,熊出没之熊心归来,21426.499999999996
1,熊出没之雪岭熊风,6839.92
1,熊出没注意,8.65
1,爱你一生一世,42.65
1,爱你不等来生,0.51
1,爱在深秋,98.39999999999999
1,爱在那一天,0.02
1,爱封了,0.03
1,爱情不NG,2.49
1,爱情真可怕,0.02
1,爸爸去哪儿,9497.279999999999
1,爸爸回家,0.64
1,爸爸妈妈复婚记,0.77
1,爸爸我来救你了,9.770000000000001
1,犀利人妻,196.72000000000003
1,猎物,0.02
1,猿创世界之熊孩子部落,92.74
1,王牌,2104.6799999999994
1,王的盛宴,0.14
1,王者之剑3D,0.03
1,王者之心,0.14
1,玩命时光,217.29999999999995
1,玩命狙击,0.02
1,玩命追踪,0.12999999999999998
1,玩命魔术,0.01
1,生死28小时,0.01
1,电商时代,0.24
1,电影儿女（豫剧）,0.15
1,男人不可以穷,214.46000000000004
1,男得有爱,0.09999999999999999
1,画壁,0.19
1,疯狂的石头,0.0
1,疯狂粉丝王,0.03
1,白发魔女传之明月天国,0.07
1,白方礼,3.5700000000000007
1,白蛇传说,0.6399999999999999
1,白蛇传（戏曲）,1.08
1,百星酒店,6.58
1,皇帝的新装之圣诞大明星,43.35000000000001
1,盘夫索夫,0.08
1,真相禁区,3929.46
1,石斛兰,1.2
1,神偷奶爸2,23106.549999999992
1,神偷特工,0.2
1,神兵小将,0.79
1,神奇侠侣,0.02
1,神探夏洛克,15109.570000000002
1,神枪手与智多星,0.02
1,神秘代码,0.01
1,神通乡巴佬,0.06
1,禁止吸烟,20.049999999999997
1,秘密花园,204.32999999999996
1,窈窕绅士,0.03
1,笑功震武林,0.03
1,笑过2012,1.36
1,第一次的亲密接触,0.03
1,第七子：降魔之战,17003.500000000004
1,等风来,5003.320000000001
1,箱子,0.09
1,篮球小皇帝,0.01
1,精武风云&middot;陈真,0.02
1,精英部队：大敌当前,0.08999999999999998
1,索命暹罗之按摩师,166.15
1,索马里真相,0.01
1,红楼梦,0.01
1,纽约行动,0.0
1,终极匹配,0.03
1,终极挑战3,0.03
1,给你一千万,22.770000000000003
1,绝对底线,0.03
1,绿林大冒险,809.36
1,缘来是咱俩,0.03
1,美人鱼,0.49
1,老外,0.35
1,老炮儿,8308.51
1,胜利大阅兵,8.39
1,致命请柬,0.16
1,致我们终将到来的爱情,505.38
1,舌尖上的新年,158.35999999999996
1,色&middot;戒,0.0
1,艺术家,196.54000000000002
1,荒村公寓,0.07
1,荒村客栈,0.01
1,荒村怨灵,362.44
1,蒸发太平洋,2090.2200000000003
1,蓝莓之夜,0.07
1,蔡李佛-极限拳速,0.04
1,血滴子,1728.19
1,血红的蝴蝶,0.02
1,街头舞王,0.03
1,西柏坡,0.3
1,西柏坡2：王二小,0.1
1,西游记之大闹天宫,13015.58
1,西游记之孙悟空三打白骨精,34.55
1,西湖传奇,0.09999999999999999
1,观音山,0.05
1,警察故事2013,5297.98
1,警察追击,0.1
1,许海峰的枪,2.2199999999999998
1,证人,0.07
1,诡镇,841.7000000000002
1,请把你的窗户打开,2.24
1,谍&middot;莲花,1808.0500000000004
1,谍;莲花,630.08
1,谎言大爆炸,46.64
1,赞鸟历险记,0.41000000000000003
1,赵氏孤儿,0.06
1,越位者,26.950000000000003
1,越来越好之村晚,0.03
1,跑出一片天,0.01
1,车在逋,0.0
1,迁徙,0.02
1,过年好,0.71
1,过界男女,0.02
1,还魂之迷失曼谷,75.65
1,这儿是香格里拉,0.16999999999999998
1,迷魂之密室逃脱,73.74
1,追爱总动员,0.02
1,通灵神探,3441.769999999999
1,通道转兵,11.81
1,道口烧鸡铺,0.18000000000000002
1,邋遢大王奇遇记,4.040000000000001
1,那是说着玩的,0.02
1,邻家特工,0.13
1,都市童话,3.99
1,都是手机惹的祸,0.8900000000000001
1,重返20岁,26683.930000000004
1,重返大海,274.11
1,金牌流浪狗,75.26
1,金箍棒传奇,646.4900000000001
1,钢板咏叹调,0.1
1,钱学森,7.9799999999999995
1,铁三角,0.44
1,铁线虫入侵,0.41000000000000003
1,铁血精英,0.11
1,铜牌小车手,0.18
1,铜雀台,0.09999999999999999
1,锦衣卫,0.13
1,门,0.05
1,门徒,0.08
1,闯堂兔2疯狂马戏团,890.76
1,阿童木,0.19000000000000003
1,隋朝来客,0.4
1,雨中的树,0.6
1,雨果,0.05
1,霍比特人：五军之战,53785.29
1,霍比特人：史矛革之战,0.07
1,青春,0.01
1,青春小说,0.13
1,青红,0.42000000000000004
1,青蛙王国,934.69
1,非同小可,3.62
1,非常主播,0.03
1,非常完美,0.07
1,非常绑匪,0.04
1,非诚勿扰,0.03
1,非诚勿扰2,0.03
1,预见未来,0.27999999999999997
1,风口青春,6.130000000000001
1,马背上的法庭,0.02
1,高举爱,0.0
1,高跟鞋先生,211.25
1,魁拔,0.01
1,魔鬼特遣队,0.03
1,麦兜响当当,0.3600000000000001
1,黄色潜水艇,0.6100000000000001
1,黄金福将,113.49
1,黎明行动,0.75
1,黑匣子,0.05
1,黑金,0.15
1,鼠来宝4：萌在逋,3647.8899999999994
1,龙门飞甲,0.02
1,龙骑侠,935.44
2,007：大破天幕杀机,2613.7799999999997
2,007：大破量子危机,0.74
2,101次求婚,15710.74
2,2014艺术影院第一批篇目,0.11000000000000001
2,2015年1月艺术影院国产片,0.02
2,80’后,0.01
2,80后的独立宣言,30.880000000000003
2,B区32号,0.03
2,HOLD住爱,0.01
2,Hello！树先生！,0.05
2,U盘,26.33
2,一不留神,0.25
2,一个温州的女人,0.02
2,一夜成名,0.03
2,一家老小向前冲,1.54
2,一路惊喜,6396.21
2,三分钟先生,0.01
2,三国之见龙卸甲,0.2
2,三更车库,0.0
2,不怕贼惦记,0.02
2,不是闹着玩的,0.14
2,不见不散,6.760000000000002
2,丛林有情狼,0.11
2,乌龙戏凤2012,0.04
2,乐队,0.16999999999999998
2,九局下半,0.06
2,二子开店,0.0
2,云中行走,393.40999999999997
2,云图,12538.150000000001
2,人狼大战,0.54
2,你是哪里人,0.31999999999999995
2,侠探杰克,9141.4
2,保持通话,0.19
2,借你俩胆,0.27999999999999997
2,假装情侣,0.04
2,兄弟之生死同盟,0.06
2,光棍终结者,0.01
2,兔侠之青黎传说,617.38
2,兔侠传奇,0.14
2,全城戒备,0.02
2,全城高考,244.39000000000001
2,兵临城下之决战要塞,0.01
2,冰雪奇缘,19388.86
2,冲上云霄,14020.27
2,决战刹马镇,0.03
2,凡人烦恼,0.22000000000000003
2,分手木马计,0.0
2,初恋红豆冰,0.02
2,到阜阳六百里,0.27
2,前任攻略,857.74
2,功夫之王,0.01
2,功夫咏春,0.07
2,功夫小龙,0.5700000000000001
2,功夫熊猫3,27992.140000000003
2,劫案迷云,1.26
2,北京&middot;纽约,0.21
2,北京;纽约,0.21
2,北京爱情故事,31309.84
2,北京纽约,0.21
2,匹夫,0.31000000000000005
2,十三岁女孩,0.07
2,千里走单骑,0.05
2,午夜微博,2.44
2,南平红荔,1.0999999999999999
2,南方大冰雪,1.21
2,南漂,0.05
2,卧虎藏龙2：青冥宝剑,4974.71
2,卧虎藏龙：青冥宝剑,23286.280000000002
2,参天树,0.14
2,双喜临门,0.0
2,双子神偷,0.0
2,双层公寓,0.04
2,双龙会,0.04
2,变节-潜罪犯,0.01
2,变身契约,0.03
2,古城会,0.1
2,只要我们在一起,0.07
2,叶问2 宗师传奇,0.09
2,叶问3,13.35
2,吉星高照2015,5.65
2,名侦探柯南2011：沉默的15分钟,0.08
2,味道中国,5.96
2,命运派对,69.06
2,咏春小龙,0.03
2,喜羊羊与灰太狼之兔年顶呱呱,0.02
2,喜羊羊与灰太狼之喜气羊羊过蛇年,251.41
2,喜羊羊与灰太狼之开心闯龙年,0.5800000000000001
2,喜羊羊与灰太狼之羊年喜羊羊,4232.129999999999
2,喜羊羊与灰太郎之牛气冲天,0.06
2,四大名捕,0.25999999999999995
2,圣斗士星矢,3249.2799999999997
2,圣斗士星矢：圣域传说,1072.4299999999998
2,在一起,3160.41
2,坚不可摧,2494.7100000000005
2,基因决定我爱你,0.05
2,墨攻,0.05
2,声梦奇缘,0.98
2,大内密探灵灵狗,0.1
2,大城小事,0.0
2,大墙无言,0.02
2,大山的女儿,1.86
2,大漠赤诚,0.9
2,大电影2.0之两个傻瓜的荒唐事,0.0
2,大胃王,0.0
2,大话东游之一,0.28
2,大话东游之二,0.3
2,大话天仙,2810.7599999999998
2,大闹天宫（动画版）,30.54
2,天上人,0.05
2,天之恩赐,0.11
2,天地逃生,0.27999999999999997
2,天将雄师,54036.40999999999
2,天理难容,0.07999999999999999
2,天琴,0.09
2,天空的微笑,233.03
2,天若有情,0.06
2,天行者,0.04
2,天际浩劫,0.25
2,太空一号,0.02
2,太空熊猫历险记,0.0
2,失踪的女中学生,1.15
2,夺命枪火,169.37000000000003
2,夺樽,13.23
2,奇缘灰姑娘,4.45
2,奈河,0.0
2,奔爱,4644.559999999999
2,奔跑吧！兄弟,24060.550000000003
2,奔跑吧！狗狗,0.25
2,奔驰的大葱,2.4
2,女大学生宿舍,1.15
2,女蛹,1118.2
2,好想和你在一起,1.3700000000000003
2,如果&middot;爱,0.01
2,如果爱,0.34
2,孤岛惊魂,0.18
2,孤岛惊魂2,223.2
2,守信少年,0.19
2,守望女,1.53
2,完美假妻168,2.94
2,完美的爱,0.04
2,宝岛双雄,0.16999999999999998
2,宝贝计划,0.02
2,宝贝，对不起,306.33
2,家有喜事2009,0.1
2,密室之不可靠岸,0.02
2,寻找声音的耳朵,1.04
2,小小校长,0.7700000000000001
2,小小飞虎队,35.370000000000005
2,小时代3：刺金时代,0.0
2,小时代：青木时代,0.09999999999999999
2,少年派的奇幻漂流,0.77
2,山村趣事,0.04
2,山水有相逢,0.03
2,岁月神偷,0.02
2,巴啦啦小魔仙,3419.929999999999
2,巴黎淘气帮,174.64000000000001
2,年兽大作战,3292.93
2,幸福额度,0.07
2,床下有人2,0.0
2,建党伟业,0.99
2,开罗宣言,0.61
2,异冢,0.8500000000000001
2,张思德,0.06
2,弹无虚发之死亡之海,0.15000000000000002
2,归途列车,0.19
2,当我们年轻的时候,30.45
2,忠诚,0.01
2,怪谈,42.0
2,恭喜发财之谈钱说爱,275.36999999999995
2,恶人报喜,98.9
2,恶灵之门,22.85
2,悲惨世界,529.79
2,惊魂游戏,0.13999999999999999
2,意外的恋爱时光,0.0
2,愤怒的小孩,315.88
2,我为太极狂,0.3
2,我们接吻吧,0.05
2,我们这一家,0.01
2,我只要我们在一起,301.21999999999997
2,我是狼之火龙山大冒险,62.51999999999999
2,我的“狐朋狗友”,16.750000000000004
2,我的唐朝兄弟,0.06
2,我的老婆是只猫,153.27
2,我老公不靠谱,0.01
2,我要你开花,2.04
2,我要回城,0.64
2,手机,0.18
2,托马斯和朋友们多多岛之迷失宝藏,1669.68
2,找个高富帅,0.6
2,拯救大明星,3.39
2,挪威的森林,0.05
2,摩尔庄园2之海妖宝藏,0.01
2,摩尔庄园3：魔幻列车大冒险,633.71
2,摩尔庄园冰世纪,0.07
2,擒爱记,0.060000000000000005
2,敏感事件,0.0
2,敢死队,3.61
2,敢死队2,0.0
2,敢死队3,0.0
2,文雀,0.37000000000000005
2,斗牛,0.08
2,断片儿,1.5999999999999999
2,新墙头记,2.44
2,新大祭桩,0.38999999999999996
2,新天生一对,0.03
2,新年来啦之大闹除夕,67.90000000000002
2,新年行动,204.3
2,新龙门客栈,0.29
2,无人驾驶,0.12
2,无言的界碑,0.02
2,无间罪：僵尸重生,0.01
2,早熟,0.08
2,时光大战,16.220000000000002
2,时光恋人,0.0
2,昆塔;盒子总动员,0.48
2,昆塔盒子总动员,0.21
2,星空,1.3100000000000003
2,晚秋,0.0
2,智取威虎山(动画版),2.3899999999999997
2,暴走吧，女人,1.21
2,最强质2011,0.07
2,最爱,0.01
2,最爱你的人是我,2.72
2,最美,0.06
2,月圆凉州,0.06
2,有一个地方只有我们知道,23682.99
2,有人赞美聪慧，有人则不,0.34
2,有种你爱我,5897.1900000000005
2,末日迷踪,2685.9900000000002
2,朱大琴，请与本台联系,1.6700000000000002
2,机械战警,4020.19
2,杀戒,0.8500000000000001
2,杀手欧阳盆栽,0.02
2,杀生,0.0
2,杂技小精灵,0.02
2,李可乐寻人记,257.63000000000005
2,杨光的快乐生活,122.03999999999999
2,杨梅洲,0.22
2,杨门女将之军令如山,0.27
2,极地大冒险2,1927.2900000000002
2,林中小屋,387.5300000000001
2,林海雪原,0.03
2,根据地,0.01
2,桃姐,0.01
2,桔子的天空,0.05
2,梦幻飞琴,68.49000000000001
2,梦行者,0.82
2,樱桃,0.04
2,武侠,0.01
2,武僧传奇之决战程子沟,3.1
2,武术之少年行,0.02
2,武林外传,0.05
2,死亡之谜之双鱼玉佩,242.48000000000005
2,母亲的梦想,0.22
2,永不消失的广播,1.12
2,永无止境,0.04
2,永远的车神,0.56
2,江南爱情故事,113.5
2,江山美人,0.35000000000000003
2,沈园情,0.18
2,河东狮吼2,0.21000000000000002
2,波鲁鲁冰雪大冒险,90.79
2,洛克王国2圣龙的心愿,3818.2699999999995
2,洛克王国！圣龙骑士,2.75
2,浅蓝深蓝,0.02
2,深夜前的五分钟,0.0
2,深海挑战,233.35000000000002
2,潜艇总动员,0.04
2,潜艇总动员3：彩虹宝藏,0.33000000000000007
2,澳门风云,10675.18
2,澳门风云2,42983.26
2,澳门风云3,95871.97999999998
2,火影忍者剧场版：博人传,9696.380000000001
2,火线战将,0.02
2,火鸡总动员,0.19000000000000003
2,热情奏鸣曲,8.29
2,热爱岛,0.03
2,热血男人帮,40.18
2,熊出没之雪岭熊风,14462.250000000002
2,爆裂都市,0.08
2,爱在旅途,2.46
2,爱在深秋,3.17
2,爱在那一天,0.03
2,爱封了,0.03
2,爱情万岁,0.05
2,爱情不NG,638.36
2,爱情真可怕,0.05
2,爸爸去哪儿,37013.119999999995
2,爸爸去哪儿2,21099.75
2,爸爸回家,3.22
2,爸爸妈妈复婚记,2.54
2,爸爸的假期,10299.2
2,爸爸的晚餐,0.05
2,特警判官,3.71
2,狂舞派,12.07
2,狙击时刻,0.0
2,独自等待,0.13
2,狮口惊魂,0.03
2,狼图腾,5552.099999999999
2,猎物,0.01
2,猿创世界之熊孩子部落,2.57
2,玩命狙击,0.53
2,玩命追踪,0.03
2,甜蜜蜜,127.23
2,生化危机5：惩罚,0.01
2,生死诀,0.04
2,甲方乙方,7.210000000000001
2,电梯惊魂,1692.16
2,男得有爱,0.02
2,画壁,0.4
2,白蛇传（戏曲）,0.51
2,百星酒店,4822.25
2,真相禁区,24.07
2,石斛兰,0.7
2,碧罗雪山,0.17
2,神兵小将,0.01
2,神奇侠侣,0.51
2,神探,0.03
2,神探驾到,3624.160000000001
2,禁忌游戏之迷藏,0.0
2,禁止吸烟,0.44
2,秋雨,0.07
2,窃听风云2,0.01
2,精武风云&middot;陈真,0.04
2,精舞门,0.02
2,精英部队：大敌当前,0.4
2,索马里真相,0.02
2,红番区,0.04
2,线索,191.85999999999999
2,终极匹配,0.01
2,绝对底线,0.06
2,绝种好男人,0.3
2,羊城暗哨,0.04
2,美人邦,0.0
2,美人鱼,242276.63999999998
2,老哨卡,0.0
2,老外,0.15
2,脱轨时代,0.36
2,致命怪谈,54.150000000000006
2,致我们终将到来的爱情,276.28999999999996
2,色&middot;戒,0.0
2,荒村客栈,0.04
2,菊花台,28.55
2,蒸发太平洋,1324.23
2,蓝莓之夜,0.03
2,蔡李佛-极限拳速,0.08
2,蜡笔总动员,624.56
2,西游&middot;降魔篇,66378.55
2,西游记之大闹天宫,63644.329999999994
2,西游记之孙悟空三打白骨精,75184.83
2,西游降魔篇,0.04
2,观音山,0.07
2,警察故事2013,0.0
2,让爱绽放,0.01
2,诡娃,349.04999999999995
2,误入歧途,0.06
2,请把你的窗户打开,1.4000000000000001
2,请柬,0.01
2,谁hold住谁,15.440000000000001
2,谁说我们不会爱,1990.0499999999995
2,谋杀似水年华,1309.0099999999995
2,谍;莲花,50.96
2,豪门生死恋,0.11000000000000001
2,赛尔号之寻找凤凰神兽,0.1
2,超级女特工,0.0
2,超能陆战队,3802.8
2,越来越好之村晚,2711.7799999999997
2,跑出一片天,0.02
2,车在逋,0.01
2,过年好,5208.0
2,过界男女,1376.4899999999998
2,迈阿密行动,0.0
2,逆境王牌,0.53
2,速度与激情,0.25
2,那是说着玩的,0.01
2,邻家特工,0.01
2,都市童话,0.75
2,金牌流浪狗,0.32
2,钟馗伏魔：雪妖魔灵,19921.739999999998
2,钢板咏叹调,0.01
2,钱学森,3.1799999999999997
2,锦衣卫,0.06999999999999999
2,闪魂,399.94
2,闺蜜,0.0
2,阿嬷的梦中情人,43.49
2,隋朝来客,0.02
2,集结号,0.03
2,雨果,0.18000000000000002
2,霍比特人1：意外旅程,18193.989999999998
2,霍比特人2：史矛革之战,31129.92
2,霍比特人：五军之战,9773.039999999999
2,霹雳寤,5.48
2,青春,0.02
2,青春雷锋,0.32
2,青红,0.0
2,青蛙王国之冰冻大冒险,420.73
2,非同小可,1.15
2,非常完美,0.19
2,非常营救,0.01
2,非诚勿扰2,0.33
2,预见未来,0.44
2,风口青春,0.44000000000000006
2,飞天,0.1
2,飞越老人院,0.83
2,饥饿游戏3：嘲笑鸟（上）,22336.030000000002
2,高举爱,0.08
2,高海拔之恋2,0.3
2,高考1977,0.3
2,高跟鞋先生,4942.83
2,魁拔Ⅲ战神崛起,0.0
2,魔法总动员,0.01
2,魔鬼特遣队,0.05
2,麦兜;我和我妈妈,0.18
2,麦兜我和我妈妈,0.0
2,黄金福将,4.76
2,鼠来宝4：萌在逋,2116.04
2,龙骧虎跃,0.0
3,18岁18天,0.38
3,2014艺术影院第一批篇目,0.22
3,2015年1月艺术影院国产片,0.02
3,2015法国新浪潮电影回顾展,7.2299999999999995
3,405谋杀案,0.4
3,80后的独立宣言,4.18
3,B+侦探,0.01
3,B区32号,0.01
3,Hello！树先生！,0.05
3,“杏”福来敲门,2.7700000000000005
3,一万年以后,2405.18
3,一不留神,0.02
3,一个温州的女人,80.61000000000001
3,一只狗的大学时光,0.08
3,一号目标,1.7600000000000002
3,一夜危机,6.33
3,一夜成名,0.30000000000000004
3,七小罗汉,0.01
3,三分钟先生,0.06
3,三国之见龙卸甲,0.02
3,三小强,0.65
3,三月情流感,123.95000000000002
3,不再让你孤单,0.1
3,不怕贼惦记,0.5900000000000001
3,不能错过,1.7899999999999998
3,不要迷恋姐,11.53
3,不速之客,10.65
3,丑女大翻身,0.03
3,丛林有情狼,0.74
3,东邪西毒:终极版,0.08
3,两个人的房间,0.02
3,乌龙戏凤2012,0.02
3,乐队,0.18
3,乱战,0.06
3,云中岗亭,1.6
3,云水谣,0.08
3,五月的声音,0.06
3,人狼大战,0.03
3,今天;明天,0.04
3,今天明天,0.04
3,伤城,0.13
3,你是不是我的爱人,6.8100000000000005
3,侠盗石川,0.04
3,假装情侣,0.03
3,假装看不见之电影大师,0.11
3,傲慢与偏见,0.08
3,像小强一样活着,0.37999999999999995
3,兔侠之青黎传说,12.87
3,全能灏,77.45999999999998
3,八星抱喜,0.0
3,公主复仇记,0.03
3,关工委主任,0.19
3,兵临城下之决战要塞,0.03
3,冲上云霄,972.67
3,决不饶恕,2.73
3,决战刹马镇,0.01
3,冷酷收获,0.04
3,刘老庄八十二壮士,10.28
3,初夏日记,0.0
3,别惹我,5432.520000000001
3,别拿自己不当干部,0.03
3,到阜阳六百里,0.54
3,加油中国,0.04
3,劫案迷云,3915.2600000000007
3,劳拉的星星在中国,0.26
3,化妆师,608.56
3,北京&middot;纽约,1857.08
3,北京;纽约,1792.1399999999999
3,北京等待,0.01
3,北京纽约,1792.1399999999999
3,北京遇上西雅图,21570.710000000003
3,午夜凶梦,0.0
3,午夜出租车,0.01
3,午夜微博,469.26
3,午夜火车,630.42
3,半熟少女,241.39000000000001
3,半熟少女之梦想预备生,0.6
3,南平红荔,1.74
3,南泥湾,15.73
3,南漂,0.05
3,卡拉是条狗,0.07
3,卧虎藏龙2：青冥宝剑,462.09
3,危城之恋,0.02
3,厨子戏子痞子,7940.2300000000005
3,参天树,0.7500000000000001
3,双城计中计,0.17
3,双层公寓,0.01
3,变节-潜罪犯,0.06
3,变身契约,0.01
3,可爱的你,1851.2199999999998
3,叶问2 宗师传奇,0.01
3,叶问3,69415.45000000001
3,叶问：终极一战,1030.8200000000002
3,合约情人,0.05
3,吉星高照2015,1472.9900000000005
3,同城邂逅,116.39000000000001
3,名侦探柯南2012：第11人的前锋,0.03
3,向阳坡传说,0.0
3,命运派对,5.129999999999999
3,咱们结婚吧,30.5
3,哪一天我们会飞,463.21
3,喜乐长安,176.51
3,喜酒,0.01
3,回乡逗儿,44.25
3,回家,1.6
3,圣保罗医院之谜,0.30000000000000004
3,圣斗士星矢：圣域传说,599.04
3,地心营救,2276.46
3,地牢围攻,0.09999999999999999
3,基因决定我爱你,0.2
3,夜半歌声,0.45999999999999996
3,夜宴,0.03
3,大喜临门,696.8399999999999
3,大块头有大智慧,0.0
3,大山的女儿,7.5
3,大电影2.0之两个傻瓜的荒唐事,0.03
3,大胃王,0.01
3,大闹天宫（动画版）,0.97
3,大魔术师,0.05
3,天上人,0.05
3,天之恩赐,0.04
3,天使：生命处方,3.1100000000000003
3,天堂口,0.01
3,天才眼镜狗,5342.94
3,天津闲人,0.18
3,天理难容,0.11000000000000001
3,天降,406.17999999999995
3,天黑请闭眼,0.01
3,太空熊猫英雄归来,131.35999999999999
3,失孤,18959.529999999995
3,夺命枪火,3.0999999999999996
3,夺樽,52.959999999999994
3,奇缘灰姑娘,26.82
3,女人不坏,0.14
3,女人要爱,5.5
3,女汉子真爱公式,5842.499999999999
3,如果&middot;爱,0.0
3,妃子笑,0.25
3,妹娃要过河,0.68
3,始祖轩辕,1.89
3,婚礼及其他自然灾害,0.16999999999999998
3,守株人,0.08
3,完美假妻168,2798.7899999999995
3,完美的爱,0.01
3,宝葫芦的秘密,0.54
3,宝贝快跑,3.5100000000000002
3,客房,0.25
3,家园防线,3121.9499999999994
3,寻找声音的耳朵,12.909999999999998
3,寻找心中的你,53.459999999999994
3,导火线,0.01
3,封门诡影,1897.45
3,将错就错,3630.0599999999995
3,小虎斑斑,0.09
3,山外是海,1.06
3,山水有相逢,0.04
3,巨人捕手杰克,4325.57
3,帕丁顿熊,8532.330000000002
3,帝企鹅日记,0.37
3,幸福中转栈,22.88
3,幸福卡片,0.02
3,床下有人3,851.6699999999998
3,建党伟业,1.9000000000000001
3,开罗宣言,25.47
3,弹无虚发之死亡之海,0.02
3,当我们年轻的时候,10.360000000000001
3,忠烈杨家将,3.9099999999999997
3,恋爱789,3.809999999999999
3,恋爱通告,0.01
3,恋者多喜欢,37.14
3,恐怖将映,567.0300000000001
3,恐怖禁忌之红旗袍,357.91
3,恭喜发财之谈钱说爱,1.5899999999999999
3,悲惨世界,4369.52
3,惊爆红色十月,0.46
3,惊魂游戏,0.29000000000000004
3,我们恋爱吧,0.03
3,我们接吻吧,0.07
3,我叫阿里木,0.01
3,我和我们,209.78000000000003
3,我在路上最爱你,1376.04
3,我的特工爷爷,144.12
3,我的诗篇,2.61
3,战狼,199.93999999999997
3,扑通扑通我的人生,546.4900000000001
3,托马斯和朋友们多多岛之迷失宝藏,24.279999999999998
3,挪威的森林,0.02
3,插翅难飞 2,0.01
3,擒爱记,0.02
3,放牛班的春天,0.09
3,敢死队2,0.2
3,新年来啦之大闹除夕,1.88
3,无人驾驶,0.01
3,早春二月,0.49
3,星月童话,0.03
3,星爸奇缘,1.13
3,暴疯语,2.84
3,暴走吧，女人,188.70000000000002
3,最爱,0.14
3,最爱你的人是我,0.03
3,最美的时候遇见你,0.12
3,月色狰狞,0.060000000000000005
3,有人赞美聪慧，有人则不,1.28
3,有这样一个医生,0.26
3,木偶情缘,0.95
3,木星上行,26988.859999999997
3,末日迷踪,797.7700000000001
3,本命年,0.5900000000000001
3,机械战警,23590.760000000002
3,杂技小精灵,0.46
3,李可乐寻人记,16.65
3,李小龙我的兄弟,0.6799999999999999
3,李献计历险记,0.01
3,杨光的快乐生活,72.06
3,杨梅洲,0.18
3,极品飞车,31410.24
3,桃姐,0.35
3,梦幻岛,11.870000000000001
3,梦行者,11.870000000000001
3,楼,188.42
3,止杀令,422.61
3,武侠,0.060000000000000005
3,武僧传奇之决战程子沟,3.8899999999999997
3,武术之少年行,0.03
3,武林外传,0.03
3,死亡面具,0.02
3,母亲的梦想,8.370000000000001
3,毒战,4.18
3,毛泽东的故事,0.02
3,水墨大别山,198.33999999999997
3,江山美人,0.04
3,沈园情,0.1
3,河东狮吼2,0.02
3,洛杉矶捣蛋计划,834.2
3,浩劫惊魂,0.02
3,浩昊文字国历险记之智斗谜语城,1.1400000000000001
3,海岛之恋,16.81
3,潜水艇,0.02
3,潜艇总动员3：彩虹宝藏,0.33
3,火影忍者剧场版：博人传,245.85000000000002
3,火线战将,0.02
3,火锅英雄,96.87
3,火鸡总动员,335.59
3,灯塔下的恋人,19.350000000000005
3,灰姑娘,36484.53000000001
3,灵偶契约,4.8
3,热爱岛,0.07
3,爱&middot;在路上,0.03
3,爱上灰姑娘,0.3
3,爱在他乡,0.1
3,爱在旅途,4.74
3,爱在那一天,0.02
3,爱封了,0.03
3,爱情银行,513.6299999999999
3,爱情麻辣烫之情定,75.13
3,爱情麻辣烫之情定终身,1698.8300000000002
3,爱神,1178.59
3,爱神有泪,0.27999999999999997
3,爸爸的假期,361.95
3,特警判官,2729.7999999999997
3,特警英雄,0.08
3,狂舞派,34.99000000000001
3,狮口惊魂,0.08
3,猎物,0.02
3,王牌特工：特工学院,20757.54
3,玩命追踪,0.09
3,璀璨的婚礼,8.77
3,甜蜜杀机,3592.359999999999
3,甜蜜蜜,0.04
3,生化危机4,0.47
3,生化危机5：惩罚,10495.08
3,生死诀,0.02
3,电梯惊魂,321.53000000000003
3,男生贾里新传,0.2
3,疯狂动物城,83954.29000000001
3,疯狂的石头,0.03
3,白日焰火,8555.080000000002
3,白毛女,97.58
3,白毛女（歌剧）,59.559999999999995
3,白色星球,0.08
3,白蛇传（戏曲）,0.13
3,百变爱人,6.6
3,盗马记,5477.76
3,盟军夺宝队,3500.1499999999996
3,真假铁马骝,0.22000000000000003
3,睡在我上铺的兄弟,51.25
3,石将军石勇,0.35000000000000003
3,石斛兰,0.12
3,石榴树上结樱桃,0.21
3,祝福,0.04
3,神兵小将,0.08
3,神战：权力之眼,21370.59
3,秋语,2.88
3,窃听风云2,0.33000000000000007
3,笑功震武林,6252.8
3,笔仙惊魂3,0.03
3,笨贼别跑,14.48
3,第七谎言,177.49
3,箭士柳白猿,315.15000000000003
3,精武风云&middot;陈真,0.04
3,红包,16.59
3,红色恋人,0.14
3,红鹰侠,0.01
3,终极匹配,0.01
3,结婚狂想曲,0.13
3,绝命航班,3409.01
3,绝对底线,0.0
3,绣花鞋,0.19
3,缘份,1245.3200000000002
3,缘分天注定,0.04
3,美丽笨女人,34.3
3,美人依旧,0.08
3,翻滚吧！阿信,0.02
3,老外,0.12
3,老百姓是天,0.1
3,肩上蝶,0.06999999999999999
3,胡桃夹子：魔境冒险,0.04
3,脱轨时代,4944.179999999999
3,致命怪谈,2.78
3,色&middot;戒,0.0
3,英雄之战,6634.069999999999
3,荒村客栈,0.03
3,荒野猎人,34703.64
3,菜鸟,157.04
3,萧红,172.41000000000003
3,虎胆龙威4,6.500000000000001
3,虎胆龙威5,18627.120000000003
3,蝙蝠侠大战超人：,26626.760000000002
3,蝙蝠侠大战超人：正义黎明,46763.979999999996
3,蝙蝠侠：黑暗骑士崛起,0.02
3,蝴蝶梦,0.09
3,蝴蝶飞,0.54
3,行歌坐月,0.02
3,观音山,0.04
3,警察日记,108.03000000000002
3,警察追击,0.09
3,让爱绽放,1.9700000000000002
3,许海峰的枪,3.59
3,诡娃,171.66
3,谍影特工,2842.09
3,赛尔号之寻找凤凰神兽,0.52
3,走向梦想的日子,0.08
3,超能陆战队,27492.460000000003
3,跑出一片天,0.01
3,车在逋,0.0
3,过界,0.12
3,逆世界,7179.759999999998
3,通天塔,0.02
3,邋遢大王奇遇记,1.1300000000000001
3,邻家特工,0.05
3,郭明义,0.4
3,野猪林,0.05
3,金太狼的幸福生活,5.15
3,钱学森,0.06
3,铁娘子：坚固柔情,539.8800000000002
3,铁血精英,0.01
3,铠甲勇士之帝皇侠,0.92
3,银蛇谋杀案,0.44
3,锦绣前程,0.02
3,锦衣卫,0.01
3,长大成人2013,0.32999999999999996
3,门,0.02
3,闪魂,95.17999999999999
3,阿嬷的梦中情人,2.9000000000000004
3,雪国列车,6567.439999999999
3,雷锋在1959,4.61
3,雷锋的微笑,7.39
3,雾宅,0.1
3,霍比特人1：意外旅程,6817.030000000001
3,霍比特人2：史矛革之战,7869.44
3,霸王别姬,0.41
3,霹雳寤,0.77
3,青春&middot;com,0.06
3,青春雷锋,65.50999999999999
3,青蛙王国之冰冻大冒险,1.53
3,非常夏日,0.07
3,非狐外传,585.7900000000001
3,风雨日升昌,0.55
3,飓风营救,1.22
3,飓风营救2,5.720000000000001
3,飓风营救3,19708.539999999997
3,飞天,0.08
3,飞鹰艾迪,637.8299999999999
3,马背上的法庭,0.08
3,驯龙骑士,903.7800000000001
3,骇战,258.61
3,魔境仙踪,5877.43
3,魔幻厨房,0.02
3,魔鬼特遣队,0.08
3,黄色潜水艇,0.2
3,黄连有点甜,5.02
3,黄金大劫案,0.02
3,黑太阳731,0.27
3,龙门飞甲,0.01
4,201413爱你一世一生,127.83
4,2015法国新浪潮电影回顾展,1.0699999999999998
4,B+侦探,0.03
4,B区32号,0.24
4,HOLD住爱,0.0
4,“杏”福来敲门,0.75
4,一万年以后,268.77
4,一号目标,0.01
4,一夜危机,0.09
4,七小罗汉,0.1
4,万物生长,14259.390000000001
4,万箭穿心,1.1800000000000002
4,三七情缘,0.0
4,三小强,211.65000000000003
4,三更车库,765.19
4,三笑之才子佳人,0.0
4,不会再有明天,0.43
4,不怕贼惦记,0.060000000000000005
4,不是闹着玩的,0.0
4,不朽的时光,64.76
4,不速之客,364.43
4,与时尚同居,0.03
4,丛林有情狼,0.07
4,东邪西毒:终极版,0.8900000000000001
4,丰年,0.07
4,临时约定,13.23
4,为梦想，跑,0.48
4,乌龟也上网,0.33
4,乐翻天,0.05
4,乡村里的中国,25.099999999999998
4,乱战,0.02
4,二十四城记,0.38
4,二次曝光,0.07
4,云中岗亭,1.4
4,云的模样,0.63
4,五月的声音,1.0
4,亲兄弟,0.02
4,亲爱,2.96
4,人命如天,0.02
4,人山人海,0.01
4,人间&middot;小团圆,2.8800000000000003
4,人间蒸发,230.97000000000003
4,伦敦陷落,31206.9
4,伴你高飞,0.08
4,何以笙箫默,6374.599999999999
4,侠盗魅影,0.05
4,侨女日记,0.01
4,俐癜⒍,0.08
4,保持通话,0.09
4,倒霉的一天,0.0
4,倔强萝卜,0.02
4,假装情侣,0.04
4,催眠大师,3541.26
4,傲慢与偏见,0.03
4,光棍终结者,0.01
4,全城戒备,0.03
4,八十一格,0.06
4,八星抱喜,3.77
4,公主复仇记,0.09000000000000001
4,公路美人,8.979999999999999
4,六扇门之玄武初现,0.1
4,兰花香,0.65
4,兵临城下之决战要塞,0.01
4,再爱一次好不好,73.80999999999999
4,农谷之恋,0.29000000000000004
4,冰封：重生之门,9628.2
4,冰河追凶,4130.65
4,冰雪11天,0.21
4,冲锋车,2065.6400000000003
4,决不饶恕,1.2099999999999997
4,决战刹马镇,0.02
4,冷酷收获,0.07
4,几番风雨,0.03
4,出水芙蓉,0.11999999999999998
4,出租车4,0.1
4,分手合约,13039.89
4,刑警兄弟,1601.1200000000001
4,刘老庄八十二壮士,4.109999999999999
4,初夏日记,0.26
4,判我有罪,0.5
4,别开门,1.22
4,别说抱歉，别说再见,0.12
4,到阜阳六百里,0.05
4,刺夜,54.339999999999996
4,功夫世家,11.379999999999999
4,北京等待,0.03
4,北京遇上西雅图之,10021.37
4,北京遇上西雅图之不二情书,22975.77
4,医缘,1.98
4,十万伙急,116.43
4,十万火急,0.6500000000000001
4,十个约定,0.01
4,十五岁的笑脸,0.76
4,十月围城,0.08
4,千里追踪,0.09
4,午夜凶梦,0.14
4,午夜出租车,0.07
4,午夜寻访录,99.14
4,半熟少女,3.7399999999999993
4,单亲宝贝,0.07
4,南京的那个夏天,0.06
4,卡萨布兰卡,0.17
4,危城之恋,0.01
4,厨子戏子痞子,10770.46
4,县委书记焦裕禄（豫剧）,26.44
4,双子神偷,0.02
4,变形金刚1,1.74
4,变形金刚2,0.23
4,变形金刚3,0.65
4,变脸,0.16999999999999998
4,变节：潜罪犯,0.0
4,变身契约,0.16
4,变身超人,179.15999999999997
4,可可西里,0.04
4,台北飘雪,0.12
4,叶问前传,0.04
4,叶问：终极一战,18.53
4,同桌的,17988.710000000003
4,同谋,1711.86
4,名侦探柯南2012：第11人的前锋,0.13
4,咱们结婚吧,22444.96
4,哆啦A梦06剧场版：大雄的恐龙,0.02
4,喜临门,0.36
4,喜乐长安,3.3
4,嘻游记,0.2
4,国宝疑云,3.62
4,国家利益,61.9
4,国徽,0.6699999999999999
4,国王的演讲,0.02
4,图兰朵,0.77
4,圣战士,1.18
4,垫底辣妹,3377.25
4,塔洛,0.78
4,墨攻,0.03
4,壁虎,0.0
4,复仇者联盟,7.390000000000001
4,夜&middot;店,0.12
4,夜半歌声,0.95
4,大兵金宝历险记,0.01
4,大力神3D,2497.37
4,大唐玄奘,1098.42
4,大块头有大智慧,0.0
4,大城小事,0.03
4,大富之家,0.25
4,大电影2.0之两个傻瓜的荒唐事,0.02
4,大胃王,0.01
4,大腕,0.02
4,大野狼和小绵羊的爱情,46.8
4,大闹天宫（动画版）,0.37
4,天下第二,0.07
4,天之恩赐,0.05
4,天使不寂寞,0.05
4,天地告白,0.03
4,天地逃生,0.04
4,天堂口,0.04
4,天才眼镜狗,6060.7699999999995
4,天津闲人,0.14
4,天脉传奇,0.01
4,天钟,0.0
4,天黑请闭眼,0.16
4,太空熊猫英雄归来,456.40999999999997
4,失控,0.28
4,失眠男女,207.71
4,头彩,0.35
4,夺命推理,3.4999999999999996
4,奇幻女侠,0.12
4,奇幻森林,65575.82999999999
4,奈河,0.0
4,女人要爱,0.05
4,女神时代,16.95
4,女神跟我走,0.39
4,她们的名字叫做红,0.38
4,好好过,0.01
4,好运，特克斯,1.45
4,如果&middot;爱,0.01
4,如果・爱,0.01
4,妈妈别哭,0.42
4,妹娃要过河,0.01
4,始祖轩辕,35.51
4,完美的爱,1.23
4,家里有我,0.07
4,密室之不可靠岸,0.02
4,寻找声音的耳朵,0.34
4,寻找成龙,0.0
4,导火线,0.01
4,小事大爱,0.38
4,小亲亲,0.04
4,小人国,0.04
4,小城之春,0.0
4,小时代：青木时代,0.0
4,小虎斑斑,0.01
4,小角色,2.07
4,少年岳飞传奇,0.01
4,少年林祥谦,2.14
4,少年毛泽东,7.82
4,尼罗河情人,0.06
4,山外是海,0.25
4,岁月无声,0.03
4,工作及累,0.07
4,左耳,30435.909999999996
4,巨人捕手杰克,726.38
4,平凡的足球,0.74
4,幸福中转栈,8.409999999999998
4,库布里克回顾展,63.59
4,废柴特工,1935.6899999999998
4,廉吏于成龙,0.3
4,开心家族,0.03
4,异度空间,1.26
4,弹无虚发之死亡之海,0.67
4,归途列车,0.35
4,微风吹乱蜗牛心,0.12
4,忠烈杨家将,5370.1900000000005
4,忠诚与背叛,0.0
4,念书的孩子,0.15000000000000002
4,念念,80.32000000000001
4,恋人絮语,0.02
4,恋爱通告,0.35000000000000003
4,恐怖将映,26.049999999999997
4,恐怖照相机,121.64
4,悬战,0.01
4,情花谷,9.379999999999999
4,成记茶楼,0.01
4,我不是王毛,4.0600000000000005
4,我为太极狂,0.47
4,我亲爱的小淘气,1.27
4,我们恋爱吧,0.01
4,我们结婚吧,4.24
4,我和我们,36.68
4,我和神马查干,2.08
4,我在路上最爱你,568.61
4,我是女王,1527.82
4,我的1000万,7.54
4,我的唐朝兄弟,0.04
4,我的新野蛮女友,2706.94
4,我的渡口,0.19
4,我的特工爷爷,30320.420000000002
4,我的老婆是明星,135.67999999999995
4,我的野蛮女友2,657.73
4,我童年的天空,0.08
4,战狼,94.23
4,战鸽快飞,0.04
4,手风琴,0.06
4,拼爹年代,0.69
4,挪威的森林,0.0
4,搞定岳父大人,0.0
4,摩尔庄园3：魔幻列车大冒险,107.73000000000002
4,收藏记忆的角落,0.19
4,放手爱,46.7
4,敏感事件,0.0
4,整容日记,7634.95
4,斗牛,0.07
4,新扎师妹2之美丽任务,0.02
4,新西兰电影周,1.79
4,新鲁冰花：孩子的天空,0.42
4,旅行离婚,0.02
4,旋风九日,0.37
4,无人驾驶,0.15
4,无敌小飞猪,275.46999999999997
4,无脚鸟,0.5
4,星月童话,0.07
4,星海,0.04
4,星爸客,45.620000000000005
4,智取威虎山(动画版),0.05
4,暴疯语,4460.71
4,替身传奇乐翻天,0.03
4,最佳嫌疑人,857.34
4,最爱,0.01
4,月色狰狞,0.0
4,有人赞美聪慧，有人则不,0.71
4,有这样一个医生,0.65
4,末代皇帝,10.3
4,杀生,0.04
4,李献计历险记,0.32
4,村支书金岚岚,7.649999999999999
4,杨善洲,2.95
4,杨梅洲,0.1
4,极度险情,0.03
4,枪王之王,0.16999999999999998
4,枪过境,136.33000000000004
4,柠檬,126.51
4,柳堡的故事,0.0
4,根据地,6.129999999999999
4,桃姐,0.02
4,梦幻列车,0.09999999999999999
4,梦幻岛,45.11000000000001
4,梦想合伙人,3544.61
4,梦游3D,0.0
4,椰岛警魂,0.55
4,楼,130.35
4,止杀令,5.57
4,武侠,0.01
4,武当少年,0.28
4,每当变幻时,0.09
4,毒战,11441.08
4,毛泽东的故事,0.2
4,民主华南第一辑,0.12
4,水墨大别山,36.12
4,永州故事,0.12
4,永无止境,0.23999999999999996
4,沂蒙六姐妹,0.03
4,没完没了,0.02
4,法国电影展,0.05
4,浩昊文字国历险记之智斗谜语城,0.25
4,浩昊文字国历险记：三战怪怪城,0.9
4,浮城谜事,0.01
4,海底世界3D,2.62
4,海底淘法,0.14
4,海洋天堂,0.01
4,游龙戏凤,0.23
4,满汉全席,0.47
4,潘多拉的宝剑,0.0
4,潜水艇,0.01
4,火海逃生,2.38
4,火线战将,0.04
4,火锅英雄,25140.91
4,灵偶契约,1513.64
4,点对点,7.380000000000001
4,烟雨红颜,0.11
4,热爱岛,0.02
4,热血街头,0.13
4,焦裕禄,86.42999999999999
4,爆裂都市,0.02
4,爱上灰姑娘,0.07
4,爱在那一天,0.02
4,爱得起,0.16
4,爱情的捉弄,0.21
4,爱我就陪我看电影,317.06
4,爱神有泪,0.06999999999999999
4,爸爸的晚餐,1.57
4,特功明星,290.28
4,特工艾米拉,729.0500000000001
4,特种部队,0.02
4,特种部队：全面反击,25025.8
4,状元媒,1.06
4,猎物,0.04
4,猎神：冬日之战,10370.62
4,猫脸老太太,513.62
4,玄奘大师,0.03
4,王牌特工：特工学院,20133.93
4,王的盛宴,0.13
4,王者之剑3D,0.14
4,玩命狙击,0.01
4,玩命追踪,0.22000000000000003
4,璀璨的婚礼,0.18
4,甜蜜十八岁,33.739999999999995
4,生命的托举,0.72
4,生死牛玉儒,1.9200000000000002
4,电子情书,0.58
4,男得有爱,0.01
4,画壁,0.0
4,画皮2,0.0
4,疯狂原始人,14708.279999999999
4,疯狂外星人,6546.41
4,疯狂的赛车,0.06
4,白幽灵传奇之绝命逃亡,1999.66
4,白日焰火,251.43
4,白毛女（歌剧）,36.540000000000006
4,白色星球,0.08
4,白蛇传（戏曲）,1.34
4,白银帝国,0.53
4,百变爱人,1889.0300000000002
4,百家乐翻天,119.21000000000001
4,盟军夺宝队,1162.99
4,睡在我上铺的兄弟,11482.659999999998
4,瞧，这一担儿挑,0.36
4,石器时代之百万大侦探,17.189999999999998
4,石将军石勇,0.03
4,石斛兰,0.04
4,石榴树上结樱桃,8.429999999999998
4,破坏者,2284.0699999999997
4,硬汉2奉陪到底,0.01
4,硬汉奶爸,262.43999999999994
4,碟中谍,0.74
4,碟中谍2,0.54
4,碟中谍3,0.54
4,碟中谍4,5.3
4,神偷特工,0.22
4,神兵小将,0.76
4,神探亨特张,0.01
4,神秘世界历险记,0.07
4,神通乡巴佬,0.15
4,秋喜,0.03
4,秋语,0.23
4,窃听风云2,0.04
4,笔仙惊魂,0.69
4,笔仙惊魂3,2946.77
4,笨贼别跑,0.04
4,第一书记,2.1500000000000004
4,第七谎言,19.099999999999998
4,篮球小皇帝,0.01
4,精武风云&middot;陈真,0.2
4,红尾鸽,0.55
4,红色恋人,0.3500000000000001
4,红鹰侠,0.04
4,纽约纽约,923.94
4,线索,1.84
4,绅士大盗,0.07
4,终极匹配,0.0
4,终极挑战3,0.46
4,绝命航班,64.37
4,绣花鞋,0.43000000000000005
4,缘份,138.4
4,缘来是咱俩,0.04
4,罪与罚,0.25
4,美人草,0.24
4,美国队长,41.51
4,美国队长2：冬日战士,54916.07
4,美男记,0.63
4,老人,0.53
4,老外,0.11
4,老百姓是天,3.06
4,老虎都要嫁,0.26
4,考拉大冒险,0.06
4,聪明的一休之反斗公主,68.75999999999999
4,致我们终将逝去的青春,29054.17
4,舞台姐妹,0.08
4,色&middot;戒,0.02
4,花腰新娘,0.01
4,苏武牧羊 豫剧,4.149999999999999
4,英雄之战,17.95
4,英雄本色,0.1
4,草原战士,0.4
4,荒岛情未了,0.66
4,莫斯科离大同不远,0.09
4,菜鸟,20.640000000000004
4,葫芦兄弟,0.14
4,蔡李佛-极限拳速,0.06
4,蝙蝠侠大战超人：,26.69
4,蝙蝠侠大战超人：正义黎明,11380.21
4,蝴蝶梦,0.05
4,蝴蝶飞,0.03
4,血彩,13.370000000000001
4,血红的蝴蝶,0.19
4,被解救的姜戈,5.12
4,西柏坡2：王二小,1.53
4,西藏天空,174.30999999999997
4,让我们西米吧,0.15
4,诡爱,0.36
4,谁偷了我的菜,22.229999999999997
4,谁的青春不迷茫,15167.080000000002
4,贵族大盗,2236.0
4,赚够一千万,0.05
4,赛尔号2：雷伊与迈尔斯,0.0
4,赛尔号之寻找凤凰神兽,0.37
4,赞鸟历险记,108.86
4,赤壁(上),0.05
4,赤道,3202.26
4,走进西藏,4.98
4,赵氏孤儿,0.42
4,超蛙战士之威武教官,0.06
4,超验骇客,11734.4
4,越光宝盒,0.72
4,跟踪,0.03
4,车在逋,0.0
4,轩辕大帝,77.45999999999998
4,转山,0.01
4,轻羽飞扬,0.01
4,边境风云,0.01
4,迫在眉睫,2.35
4,追爱大布局,543.03
4,通天塔,0.15
4,速度与激情5,0.0
4,速度与激情7,180117.65
4,遍地狼烟,0.0
4,道口烧鸡铺,0.2
4,邋遢大王奇遇记,0.29
4,那些年，我们一起追的女孩,1.06
4,邻家特工,0.06
4,郭明义,3.36
4,醉后一夜,0.01
4,里约大冒险,89.31000000000002
4,里约大冒险2,16310.41
4,金太狼的幸福生活,476.15000000000003
4,金画眉,0.3
4,金色记忆,0.04
4,金钱帝国,0.12
4,鏖兵天府,0.33999999999999997
4,钢铁侠2,0.05
4,钢铁侠3,1267.1
4,铁人,0.36
4,铁血精英,0.09
4,锁麟囊（秦腔）,0.0
4,锦绣前程,0.19
4,锦衣卫,0.01
4,门,0.02
4,闯入者,49.19
4,阳光总在风雨后,0.73
4,阿凡达,0.0
4,阿里巴巴2所罗门封印,118.52
4,陌路惊笑,132.78
4,隔壁惊魂,100.21999999999997
4,霸王别姬,5.49
4,青山翠谷,0.12
4,青蛙总动员,211.68
4,非常主播,0.03
4,非常绑匪,0.03
4,非常营救,0.0
4,非诚勿扰2,0.0
4,韶山少年,7.170000000000001
4,飓风营救,0.14
4,飓风营救2,0.08
4,飓风营救3,383.84
4,飞越老人院,0.02
4,香魂女,0.5800000000000001
4,马奈的新娘,0.24
4,马小乐之玩具也疯狂,244.91000000000003
4,驯龙骑士,279.34999999999997
4,高举爱,0.01
4,高考1977,0.58
4,魔境仙踪,8441.92
4,魔宫魅影,3202.2799999999997
4,魔法总动员,4018.6
4,魔警,10212.449999999999
4,鲁迅,0.02
4,麦兜;我和我妈妈,4.68
4,麦兜当当伴我心,0.0
4,麦兜我和我妈妈,4.68
4,麦田,0.02
4,黄海怀,0.21
4,黄色潜水艇,0.02
4,黄连有点甜,0.13
4,黑暗中的救赎,0.0
4,黑猫警长,0.96
4,龙凤呈祥（京剧）,1.1800000000000002
4,龙旋风,0.02
4,龙骧虎跃,0.0
5,2012 3D,0.03
5,201413爱你一世一生,0.42
5,2014艺术影院第一批篇目,0.03
5,2016新西兰电影节,0.01
5,2016法国电影展映活动,4.15
5,5颗子弹,0.02
5,708090之深圳恋歌,40.21
5,B+侦探,0.01
5,HOLD住爱,0.0
5,X战警2,34.52
5,X战警：背水一战,9.1
5,X战警：逆转未来,45056.55
5,“杏”福来敲门,0.12
5,一个和八个,0.05
5,一号目标,131.67000000000002
5,一夜成名,0.02
5,一生有爱,0.22
5,一路有你,0.09
5,一路狂奔,496.78999999999996
5,七小罗汉,0.06
5,三国之见龙卸甲,0.03
5,三岔口,0.05
5,三峡好人,0.28
5,三笑之才子佳人,0.01
5,上海“文学与电影”展映活动,19.0
5,不是闹着玩的,0.0
5,不能错过,0.63
5,丑女大翻身,0.04
5,丑男大翻身,3.66
5,中国合伙人,13683.83
5,临时约定,21.32
5,临终迨,656.3900000000001
5,乌龙戏凤2012,0.0
5,乱战,0.04
5,云水谣,0.03
5,云的模样,0.34
5,亲爱,49.81000000000001
5,人间&middot;小团圆,1161.8
5,人间蒸发,144.44
5,伊犁河,0.6000000000000001
5,伴我同行,0.8
5,伴我闯天涯,0.04
5,何以笙箫默,20313.350000000002
5,侨女日记,2.65
5,保持通话,0.0
5,借兵,0.01
5,倾城,55.08999999999999
5,倾城之泪,0.18999999999999997
5,假装情侣,0.01
5,催眠大师,13560.0
5,兄弟之生死同盟,17.27
5,全城戒备,0.0
5,全城热恋,0.0
5,全球热恋,0.0
5,六扇门之玄武初现,0.01
5,兰花香,0.01
5,再见，在也不见,1108.73
5,冰封：重生之门,4035.6700000000005
5,冲锋号,16.900000000000002
5,决战刹马镇,0.01
5,出租车4,0.19999999999999998
5,分手不分手,16.01
5,分歧者3：忠诚世界,11171.02
5,刘庄布偶,0.01
5,初夏日记,0.03
5,初恋红豆冰,0.79
5,判我有罪,111.06999999999998
5,别开门,41.18999999999999
5,别跟我谈高富帅,1.55
5,刮痧,0.01
5,到阜阳六百里,0.26
5,刺夜,0.62
5,功夫之王,1.6400000000000001
5,功夫小龙,0.75
5,功夫熊猫2,3.8000000000000003
5,加油中国,0.04
5,动植物大战,0.66
5,北京遇上西雅图之不二情书,43971.92
5,医缘,9.59
5,十万火急,0.0
5,十二公民,915.78
5,十五岁的笑脸,3.06
5,午夜凶梦,0.07
5,午夜出租车,0.04
5,单身汉,0.02
5,危城之恋,0.22999999999999998
5,厨子程天喜,0.0
5,又见梅兰芳,0.04
5,变身契约,0.0
5,变身超人,1.25
5,叛谍追击,0.08
5,叛逆女特工,0.09
5,古堡之吻,88.21000000000002
5,只要我们在一起,0.02
5,叶问2 宗师传奇,0.01
5,同桌的,10093.06
5,同谋,449.91999999999996
5,名侦探柯南2009：漆黑的追迹者,0.03
5,向日葵女孩,0.21
5,听风者,2.27
5,告别,0.21
5,咱们的工会主席,7.63
5,哆啦A梦：伴我同行,23891.98
5,哆啦A梦：大雄与绿巨人传,0.18
5,哭泣的拳头,0.05
5,哺乳期的女人,18.81
5,唐山大地震,0.0
5,喜酒,0.0
5,国家利益,2.69
5,图兰朵,0.13
5,土豪520,2868.07
5,圣诞树2,0.2
5,圣诞玫瑰,1975.96
5,在雨中,0.78
5,地下追击,0.02
5,地心历险记2：神秘岛,2.7700000000000005
5,城市游戏,322.31999999999994
5,复仇者联盟,69.7
5,复仇者联盟2：奥创纪元,124694.15000000001
5,外出,0.06
5,夜孔雀,3208.17
5,大唐玄奘,2019.29
5,大地有爱,0.0
5,大块头有大智慧,0.01
5,大城小事,0.01
5,大山的声音,0.04
5,大山的女儿,1.13
5,大红灯笼高高挂,0.03
5,大道如天,0.01
5,大野狼和小绵羊的爱情,23.48
5,大闹天宫（动画版）,0.06
5,天上的菊美,0.63
5,天下无双,0.01
5,天之恩赐,0.11000000000000001
5,天亮&middot;分手,25.18
5,天亮;分手,25.18
5,天亮了,0.6
5,天亮分手,25.18
5,天地逃生,0.01
5,天津闲人,0.36
5,天边的孩子,4.24
5,天黑请闭眼,0.13
5,太空熊猫总动员,81.53
5,太阳照常升起,0.45
5,太阳脸,0.43
5,失眠男女,4.26
5,夺命心跳,0.0
5,夺命手机,0.07
5,夺命推理,0.0
5,夺命旅行,783.1600000000002
5,奈河,0.0
5,女倾慕者,0.19
5,女神时代,0.3400000000000001
5,女神跟我走,34.690000000000005
5,好好活着,0.9500000000000001
5,如果&middot;爱,0.03
5,如果;爱,0.01
5,如果・爱,0.01
5,如果爱,0.01
5,妄想症,160.79999999999998
5,妈咪侠,7.5
5,妈妈让我再爱你一次,2.29
5,妖医,632.06
5,姑鲁之恋,0.54
5,姨妈的后现代生活,0.05
5,孽海恩怨,0.02
5,守信少年,1.02
5,守候的心,0.6699999999999999
5,完美的爱,0.0
5,宝贝计划,0.03
5,家有喜事2009,0.09
5,密室之不可靠岸,0.02
5,寻宝者,0.16
5,寻龙夺宝,0.0
5,导火线,0.01
5,封门村,270.41999999999996
5,封门诡影,0.35000000000000003
5,小时代：青木时代,0.02
5,小等,1.09
5,小蚂蚁之环球大冒险,45.36
5,小角色,0.48
5,少年岳飞,0.01
5,少年林祥谦,3.5999999999999996
5,少年毛泽东,43.529999999999994
5,屠魔战士,3954.8699999999994
5,山水有相逢,0.02
5,山那边有匹马,15.79
5,山间传来牛铃声,0.97
5,左耳,11791.64
5,布基兰,3.04
5,布基兰小站的腊八夜,8.420000000000002
5,帝企鹅日记,0.08
5,帝王蝶的迁徙,1.2100000000000002
5,幸福梦想,1.03
5,幻体：续命游戏,3455.1099999999997
5,庐山恋,0.06
5,废柴特工,2.47
5,建国大业,1.26
5,异星战场,2.09
5,异种,1.08
5,归来,13950.310000000001
5,归途列车,0.01
5,当爸爸来敲门,0.0
5,心咒,209.28000000000003
5,念书的孩子,0.7200000000000002
5,念念,274.12
5,怖偶,500.83000000000004
5,总统浪漫史,0.06
5,恋人絮语,0.0
5,恐怖照相机,8.17
5,悬战,151.68000000000004
5,情人结,0.0
5,情满人间,5.0
5,情笛之爱,1.52
5,愤怒的小鸟,14802.86
5,愤怒的小鸟大电影,22469.06
5,我11,0.06
5,我不是王毛,0.64
5,我叫阿里木,0.01
5,我和神马查干,1.96
5,我是奋青,0.04
5,我的1000万,1.0899999999999999
5,我的七年,0.0
5,我的个神啊,7501.98
5,我的播音系女友,1215.01
5,我的新野蛮女友,25.45
5,我的父亲母亲,0.03
5,战无双,0.03
5,抱养,0.02
5,指尖太阳,5.959999999999999
5,挪威的森林,0.02
5,搞定岳父大人,0.01
5,摇滚英雄,0.4
5,放手爱,143.86
5,敏感事件,0.0
5,敢死队2,0.0
5,整形师・脸,281.11000000000007
5,新地雷战：神勇小子,2.1
5,旋风九日,496.01000000000005
5,旋风小子,0.0
5,无人驾驶,0.03
5,无影剑,0.05
5,无极限之危情速递,0.03
5,日本电影周,25.159999999999997
5,明日世界,8785.5
5,星爸客,28.24
5,星际迷航：暗黑无界,8671.36
5,春天的狂想,0.02
5,晚秋,0.0
5,暖,0.23
5,最爱,0.01
5,月色狰狞,0.02
5,有人赞美聪慧，有人则不,0.9000000000000001
5,木偶传奇,3.47
5,未营业,0.11999999999999998
5,机动部队-同袍,2.0300000000000002
5,机器人班长,0.06
5,杀戒,3.7
5,杂技小精灵,1.93
5,李三娘（花鼓戏）,0.74
5,李献计历险记,0.0
5,杨善洲,2.95
5,杨梅洲,0.26
5,柠檬,1.42
5,根据地,0.5
5,梦想合伙人,4193.53
5,梦非梦,0.1
5,死亡笔记,343.21
5,歼十出击,0.0
5,残团,6.73
5,母亲,0.22999999999999998
5,母亲的眼睛,0.06
5,毛泽东的故事,0.5
5,民警故事,0.07
5,水果宝贝之水果总动员,0.4
5,水滴之梦,3.3
5,永远的守望,8.1
5,永远的焦裕禄,11.95
5,永远的绿盖头,0.76
5,求爱嫁期,368.42
5,汉江怪物,0.04
5,泡菜,0.02
5,洋妞到我家,1.26
5,派饭,0.04
5,浩昊文字国历险记之智斗谜语城,1.0
5,浮出水面的影子,0.02
5,消失的子弹,0.15
5,渴望的青春,16.18
5,湘女萧萧,0.41000000000000003
5,满园春色,3.2
5,满城尽带黄金甲,0.03
5,潘多拉的宝剑,0.0
5,潜艇总动员,0.19
5,潜艇总动员2,0.56
5,潜艇总动员3 - 彩虹宝藏,641.16
5,潜艇总动员4：章鱼奇遇记,1271.17
5,潜艇总动员之时光宝盒,1478.91
5,火山对对碰,394.81
5,火线战将,0.04
5,炮制女朋友,0.01
5,点对点,0.0
5,爱丽丝梦游仙境2：镜中奇遇记,21110.030000000002
5,爱在那一天,0.02
5,爱封了,0.03
5,爱情真可怕,0.0
5,爱我就陪我看电影,542.0699999999999
5,爸爸的晚餐,2.19
5,状元媒,1.5599999999999998
5,猎物,0.01
5,猎神：冬日之战,478.64
5,猪猪侠之勇闯巨人岛,738.0699999999999
5,猪猪侠之逦；,0.23
5,玄奘大师,0.05
5,王化买父,0.38
5,王的盛宴,0.0
5,王者之剑3D,0.05
5,玩命狙击,0.01
5,珍珠港,0.02
5,甜蜜十八岁,0.8200000000000001
5,甜蜜蜜,0.06
5,生化危机4：战神再生,0.01
5,生死28小时,0.060000000000000005
5,生死牛玉儒,2.82
5,生死足球赛,0.22
5,电影版卡牌决斗高手：黑月之神帝,0.08
5,男神抱抱,30.549999999999997
5,画皮2,0.0
5,疯狂72小时,0.35
5,疯狂原始人,2774.66
5,疯狂外星人,7327.18
5,疯狂婚礼,0.0
5,白居易在龙门,0.0
5,白毛女,142.79000000000002
5,白色星球,0.08
5,白蛇传,0.01
5,百家乐翻天,67.60999999999999
5,百年好合,0.01
5,百鸟朝凤,4294.530000000001
5,盗马贼,0.19
5,真爱,59.21
5,石器时代之百万大侦探,9.38
5,破坏者,119.18
5,碧罗雪山,0.18000000000000002
5,神秘世界历险记,0.12
5,神通乡巴佬,0.01
5,秘岸,0.02
5,窃听风云3,10602.73
5,童年,0.42000000000000004
5,笔仙撞碟仙,0.02
5,笔仙诡影,676.16
5,笔尖沧桑,0.0
5,第601个电话,0.01
5,第一书记,2.62
5,第一眼爱情,43.64000000000001
5,第五个新娘,0.42
5,篮球小皇帝,0.03
5,精武家庭,0.1
5,精武风云,0.0
5,糖果世界大冒险,219.32999999999998
5,红楼梦,0.04
5,红高粱,0.31
5,纽约行动,0.19
5,终极匹配,0.0
5,结婚那件事,45.370000000000005
5,绝对底线,0.01
5,缘来是咱俩,0.05
5,缘来是游戏,239.91
5,缘，妙不可言,0.01
5,美国队长,3.77
5,美国队长3,62200.70999999999
5,美国队长3：英雄内战,53092.719999999994
5,老井,0.04
5,老外,0.09
5,老海的新生活,0.06
5,考拉大冒险,2230.1
5,聪明的一休之反斗公主,598.61
5,腊月的春,0.42000000000000004
5,自我救赎,3.35
5,致我们终将逝去的青春,19219.89
5,花田质2010,0.01
5,荒村客栈,0.02
5,莫斯科离大同不远,0.48000000000000004
5,藏羚王之雪域精灵,1.85
5,蚀之春风桃李,0.01
5,蜂鸟特攻,3142.9400000000005
5,蜘蛛侠2,9.770000000000001
5,蜜月酒店杀人事件,586.91
5,蝙蝠侠：黑暗骑士崛起,0.74
5,蝴蝶梦,0.1
5,被解救的姜戈,1393.13
5,西柏坡2：王二小,5.49
5,西游降魔篇,0.0
5,让熊猫飞,0.03
5,记忆望着我,1.51
5,记忆碎片,1.9
5,误入歧途,0.06
5,谎言大爆炸,24.330000000000002
5,购物女王,25.020000000000003
5,赞鸟历险记,577.63
5,赤道,16647.55
5,赤道雪山下的国家坦葛,0.03
5,走进西藏,234.24
5,赵氏孤儿（戏曲）,0.0
5,超凡蜘蛛侠2,39863.38
5,超导,0.01
5,超能兔战队,62.589999999999996
5,超能查派,8941.470000000001
5,超能游戏者,0.09999999999999998
5,超脑48小时,8742.4
5,超越那一天,22.460000000000004
5,踏雪寻梅,3.5599999999999996
5,车在逋,0.0
5,辛巴达历险记2,669.78
5,辛巴达历险记2013,370.41
5,边区造,1.15
5,迈阿密行动,0.03
5,近距离击杀,38.129999999999995
5,迫在眉睫,0.26
5,迷与狂,118.36
5,逃亡战士,0.060000000000000005
5,逆光飞翔,1.51
5,速度与激情,0.07
5,遍地狼烟,0.01
5,遗落战境,12280.13
5,那些年，我们一起追的女孩,0.4
5,邻家特工,0.03
5,郭明义,2.98
5,醉后一夜,0.02
5,重生爱人,1951.4399999999998
5,金箍棒传奇2,264.53
5,金色记忆,0.02
5,钢刀,911.3600000000001
5,钢琴木马,79.60000000000002
5,钢铁侠,0.07
5,钢铁侠2,1.88
5,钢铁侠3,60669.37999999999
5,铁血残阳,2.1100000000000003
5,铠甲勇士之帝皇侠,0.75
5,银杏之梦,0.07
5,锦衣卫,0.0
5,镇海保卫战,2.51
5,门,0.0
5,闯入者,776.72
5,闯入迷宅,0.0
5,闯堂兔,0.08999999999999998
5,间谍,0.49
5,阳光总在风雨后,0.3700000000000001
5,阿凡提和阿瓦提,0.0
5,阿凡达,1.46
5,阿里巴巴2所罗门封印,380.85999999999996
5,阿里巴巴大盗奇兵,1452.61
5,集结号,0.5
5,雏菊,0.07
5,雏鸟的天空,2.5
5,霸王别姬（京剧）,26.85
5,青春搏击,0.0
5,青红,0.0
5,青蛙总动员,623.23
5,非常主播,0.02
5,非诚勿扰,0.03
5,非诚勿扰2,0.0
5,韶山少年,3.41
5,风云1927,7.41
5,风云决,0.02
5,飞天,2.1900000000000004
5,飞扬的青春,0.0
5,飞越老人院,0.0
5,马可波罗回香都,0.01
5,马小乐之玩具也疯狂,350.15999999999997
5,马达加斯加3,2.11
5,高举爱,0.01
5,魁拔,0.18
5,魁拔之大战元泱界,260.11
5,魔宫魅影,5198.809999999999
5,魔幻仙踪,430.92
5,魔幻厨房,0.04
5,麦兜;我和我妈妈,5.1899999999999995
5,麦兜・我和我妈妈,0.0
5,麦兜当当伴我心,0.0
5,麦兜我和我妈妈,5.1899999999999995
5,黄海怀,0.66
5,黄石的孩子,0.03
5,黎明行动,0.04
5,黑暗中的救赎,0.0
5,黑炮事件,0.21
5,黑猫警长,1.04
5,黑衣人3,0.03
5,龙凤呈祥,1.7700000000000002
5,龙凤呈祥（京剧）,1.49
5,龙骧虎跃,0.0
6,2016年乌兹别克斯坦电影周,0.8
6,2016法国电影展映活动,2.3
6,708090之深圳恋歌,0.14
6,X战警2,7.1499999999999995
6,X战警：天启,68275.2
6,X战警：背水一战,1.87
6,X战警：逆转未来,14895.74
6,一江明烛,0.0
6,一生有爱,0.07
6,一诺重如山,0.01
6,一路狂奔,50.71
6,三七情缘,0.0
6,三个未婚妈妈,0.07
6,三人行,9185.02
6,三只小猪与神灯,1378.4999999999998
6,三岔口,0.03
6,不二神探,20802.64
6,不能忘却的长征,0.09999999999999999
6,不能错过,0.47
6,不许动,0.08
6,丑男大翻身,1.1900000000000002
6,丘吉尔的好莱坞生涯,0.05
6,东方中国梦,3.17
6,临沧的诱惑,0.1
6,乐乐熊奇幻追踪,2.6799999999999997
6,乡间童谣,7.529999999999999
6,云水谣,0.08
6,云的模样,0.38
6,五女拜寿,0.01
6,五月天追梦3DNA,0.22
6,伊犁河,0.19000000000000003
6,伙头福星,0.01
6,会飞的小精灵,14.539999999999997
6,伴我同行,2.61
6,侏罗纪世界,106860.34999999999
6,侏罗纪公园3D,0.06
6,倔人吕尚斌,0.01
6,倔强萝卜,0.05
6,光棍终结者,0.01
6,光辉岁月,343.71000000000004
6,兰梅记,0.51
6,兵临城下之决战要塞,0.03
6,再次出发,691.7
6,再生之乐,1.76
6,再见我们的十年,460.3700000000001
6,冲锋号,5.329999999999998
6,决战刹马镇,0.03
6,分手大师,18950.92
6,分手达人,376.65000000000003
6,分歧者2：绝地反击,10284.889999999998
6,列车惊魂,0.09000000000000001
6,初恋未满,1.77
6,别有动机,0.0
6,别跟我谈高富帅,0.060000000000000005
6,刺客聂隐娘,0.04
6,刻在石磨上的勋章,1.0
6,动植物大战,144.76
6,北漂鱼,320.4799999999999
6,匹夫,0.0
6,十五岁的笑脸,4.11
6,十月阳春,0.04
6,千里追踪,0.2
6,午夜43路,633.6300000000001
6,午夜出租车,0.03
6,午夜惊魂,0.0
6,半夜不要照镜子,0.03
6,单身汉,0.02
6,南口1937,62.519999999999996
6,危城之恋,0.01
6,危情24小时,0.07
6,去年夏天,0.02
6,双人床条约,0.08
6,双子神偷,0.02
6,双层公寓,0.03
6,双旗镇刀客,0.5900000000000001
6,发条城市,6.85
6,变形金刚1,1.88
6,变形金刚2,0.02
6,变形金刚3,2.6799999999999997
6,变形金刚4：绝迹重生,75378.54999999999
6,叛逆女特工,0.02
6,古路,1.11
6,可爱的中国,0.62
6,同根生,0.17
6,听说,193.73000000000002
6,告诉他们，我乘白鹤去了,1.16
6,哆啦A梦：伴我同行,22490.220000000005
6,哥斯拉,46616.04000000001
6,哺乳期的女人,5.84
6,唐家山之恋,28.9
6,喊・山,0.0
6,喜羊羊与灰太狼之虎虎生威,0.36
6,回乡种田,0.04
6,回到原点,0.9500000000000002
6,因为谷桂花,15.5
6,图兰朵,0.08
6,土豪520,33.93
6,圣诞树2,0.01
6,圣龙奇兵大冒险,538.0400000000001
6,基因决定我爱你,0.04
6,墓穴迷城,0.23
6,壁虎,0.01
6,外公芳龄38,0.4
6,夜半梳头,1269.23
6,夜幕惊魂,306.21999999999997
6,大唐风云,0.3
6,大宅男,23.81
6,大山的女儿,0.79
6,大搜查,0.01
6,大有前途,0.01
6,大火种,99.66
6,大片,341.52
6,大电影2.0之两个傻瓜的荒唐事,0.01
6,大胃王,0.01
6,大话东游之一,0.02
6,大闹天宫（动画版）,0.49
6,大鱼海棠,0.0
6,天上的菊美,15.98
6,天之恩赐,0.06
6,天云山传奇,0.07
6,天亮&middot;分手,18.86
6,天亮;分手,18.86
6,天亮分手,18.86
6,天地逃生,0.03
6,天机&middot;富春山居图,28587.220000000005
6,天边的孩子,3.3099999999999996
6,太极侠,15.34
6,太空熊猫总动员,246.95000000000005
6,太阳脸,6.260000000000001
6,奥赛罗,0.05
6,好好活着,0.24
6,如果&middot;爱,0.01
6,如果;爱,0.0
6,如果爱,0.0
6,妈咪侠,4.26
6,妖医,156.64999999999998
6,孤胆保镖,613.6
6,孤胆特工,0.03
6,孩子王,0.17
6,守候的心,0.09999999999999999
6,完美的爱,0.0
6,宝莲灯,0.03
6,宝葫芦的秘密,1.56
6,宝贝别哭,0.1
6,密室之不可靠岸,0.01
6,对风说爱你,201.23
6,寻宝者,0.04
6,导火线,0.11
6,封门村,220.26999999999998
6,封门诡影,0.1
6,小战象,0.46
6,小时代,26794.06
6,小时代3：刺金时代,35.830000000000005
6,小时代:青木时代,0.52
6,小猪班纳大电影之梦想大“帽”险,294.12
6,小英雄雨来,0.04
6,小蚂蚁之环球大冒险,56.60999999999999
6,少女哪吒,1.9100000000000001
6,少年林祥谦,1.74
6,少年班,4785.23
6,少林英雄,0.02
6,屠魔战士,655.4599999999999
6,山花烂漫时,9.329999999999998
6,山那边有匹马,5.34
6,山间传来牛铃声,2.72
6,帝企鹅日记,0.1
6,幸福梦想,0.01
6,建国大业,0.15
6,开心大冒险,0.24
6,开心超人,1332.47
6,异种,473.75
6,张思德,0.15000000000000002
6,张震讲故事之合租屋,0.37
6,心咒,20.54
6,心灵的阳光,1.1
6,忍者神龟2：破影而出,2.4400000000000004
6,忠诚与背叛,0.43
6,总统浪漫史,0.22
6,恋人絮语,0.02
6,恋爱排班表,69.88
6,情满人间,1.2100000000000002
6,情笛之爱,21.12
6,惊天绑架团,0.01
6,惊天魔盗团2,43823.41
6,惊魂电影院,792.9599999999999
6,愤怒的小鸟,11010.97
6,我们恋爱吧,176.71
6,我们毕业啦,274.8
6,我们的十年,1.2400000000000002
6,我会守着你,0.4
6,我叫MT之山口山战记,1179.8899999999999
6,我叫哀木涕之山口山战记,11.17
6,我就是我,8.19
6,我是乡下爷,2.77
6,我是谁,0.05
6,我是谁2015,485.01000000000005
6,我是路人甲,207.70000000000002
6,我的个神啊,847.5
6,我的唐朝兄弟,0.01
6,我的男友和狗,2343.5499999999997
6,我的老公是卧底,0.78
6,我的长征,0.55
6,战火焚情,0.01
6,战鸽快飞,0.02
6,所以……和黑粉结婚了,2331.26
6,手牵手,0.0
6,打擂台,0.07
6,拳霸风云,109.96999999999998
6,指尖太阳,0.16
6,提款机,15.1
6,搏击迷城,181.93
6,摇滚英雄,178.95999999999998
6,摇滚藏獒,0.9600000000000001
6,摩纳哥王妃,2314.74
6,救我,0.05
6,敢死队2,0.04
6,整形师・脸,2.26
6,文字国历险记-浩昊巧破笑话城,0.75
6,文字国历险记――浩昊勇闯童话城,0.75
6,斗牛,0.7000000000000001
6,斗龙战士之星印罗盘,609.06
6,断桥遗梦,0.01
6,新地雷战：神勇小子,0.9500000000000002
6,无极限之危情速递,0.09
6,无法证明,10.479999999999999
6,无间道,0.03
6,无间道2,0.03
6,无间道3,0.04
6,明日世界,2079.11
6,明日边缘,32687.069999999996
6,星际迷航：暗黑无界,15444.869999999997
6,暖春,0.0
6,木偶传奇,1.06
6,末日崩塌,49961.840000000004
6,本命年,0.26
6,机器人班长,0.07999999999999999
6,杀戒,401.58000000000004
6,杀生,0.01
6,杀破狼2,39024.86
6,杂技小精灵,0.42000000000000004
6,李三娘（花鼓戏）,0.22999999999999998
6,李小龙我的兄弟,0.03
6,村曲悠扬,0.12
6,极速风流,0.13
6,枕边有张脸,1932.1999999999998
6,梦寻桃花源,0.03
6,横冲直撞好莱坞,21924.02
6,武状元苏乞儿,0.02
6,死亡游戏,502.94
6,死亡笔记,3.35
6,死亡邮件,604.4199999999998
6,母亲,0.5
6,毛泽东与齐白石,23.939999999999998
6,水果宝贝之水果总动员,379.3900000000001
6,水滴之梦,0.5800000000000001
6,沂蒙六姐妹,0.62
6,沉睡魔咒,24491.649999999998
6,泰迪熊之玩具大战,700.6399999999999
6,洋妞到我家,0.24
6,浮出水面的影子,0.01
6,海岛小卫士,1.1800000000000002
6,海底总动员2：寻找多莉,21050.520000000004
6,海洋之恋,40.9
6,海神密码,30.410000000000004
6,潜艇总动员2,2.66
6,潜艇总动员3 - 彩虹宝藏,4372.0
6,潜艇总动员4：章鱼奇遇记,3093.88
6,潜艇总动员之时光宝盒,1665.47
6,激浪青春,424.24000000000007
6,火海逃生,1.57
6,火线战将,0.02
6,煎饼侠,32.54
6,照见,0.59
6,爱&middot;你别走,4.08
6,爱丽丝梦游仙境2：镜中奇遇记,12508.540000000003
6,爱封了,0.01
6,爱情真可怕,0.01
6,爱情麻辣烫,0.01
6,爸爸我来救你了,0.54
6,牧笛,0.05
6,牧马人,0.07
6,独立日：卷土重来,36350.079999999994
6,狮口惊魂,0.01
6,猎物,0.0
6,猪猪侠之勇闯巨人岛,3123.38
6,猪猪侠之逦；,1.11
6,王化买父,0.77
6,王牌情敌,1105.59
6,玫瑰天涯,0.08
6,生死格斗,0.07
6,生死足球赛,0.49
6,男式女子足球队,0.11
6,疯狂72小时,2031.81
6,百万爱情宝贝,72.67
6,百变星君,0.03
6,盲探,5.92
6,石头,1.02
6,祈祷,0.12000000000000001
6,神通乡巴佬,0.01
6,秋语,0.03
6,秘岸,0.11
6,窃听风云,0.12000000000000001
6,窃听风云3,10869.93
6,窒息,0.03
6,童年,2.35
6,笔仙Ⅲ,0.94
6,第五个新娘,0.7
6,第十九层空间,0.27
6,第十九届上海国际电影节,255.91
6,筷仙,1021.55
6,糖果世界大冒险,240.58
6,索马里真相,0.02
6,红军乡,0.01
6,红楼梦（昆曲）,4.14
6,红番区,0.09000000000000001
6,红粉,0.11
6,红高粱,2.52
6,红鹰侠,0.01
6,约定倒计时,61.379999999999995
6,纽约客@上海,0.02
6,练胆儿,24.119999999999997
6,终极大冒险,0.01
6,终极挑战3,0.02
6,结婚那件事,211.05
6,给太太打工,0.01
6,绝对底线,0.02
6,绝战,0.45
6,缘来是游戏,5.99
6,老五的奥斯卡,384.79999999999995
6,老男孩之猛龙过江,6.840000000000001
6,老警,14.2
6,育婴室,0.0
6,腊月的春,1.57
6,自我救赎,2.67
6,致命对决,124.42
6,致命黑兰,4703.039999999999
6,荒岛情未了,0.0
6,荒村客栈,0.05
6,萨米大冒险,9.04
6,萨米大冒险2,577.59
6,葫芦兄弟,0.91
6,蔡李佛-极限拳速,0.01
6,虐面人之死灵面膜,189.46999999999997
6,蜜月酒店杀人事件,143.74
6,蝴蝶梦,0.05
6,行歌坐月,0.01
6,西游新传,0.5
6,西游新传2：真心话大冒险,59.36
6,西游记之大圣归来,28.08
6,让熊猫飞,188.65
6,记忆望着我,0.35
6,记忆碎片,327.29999999999995
6,误入歧途,0.06
6,谁动了我的梦想,0.11
6,购物女王,0.06
6,赏金猎人,50.68
6,赵氏孤儿,0.0
6,赵氏孤儿（秦腔）,0.0
6,超人：钢铁之躯,29380.14
6,超能兔战队,82.74999999999999
6,超蛙战士之威武教官,0.05
6,超越那一天,1.4000000000000001
6,跑山,0.05
6,路边野餐,0.65
6,辛巴达历险记2,1716.49
6,辛巴达历险记2013,3223.9800000000005
6,迁徙,0.2
6,近在咫尺的爱恋,122.78000000000002
6,迷与狂,0.72
6,迷魂陷阱,0.06999999999999999
6,逆光飞翔,215.52
6,逆袭的青春,0.02
6,邓小平登黄山,11.23
6,那山那人那狗,1.85
6,野人传奇,0.09
6,金箍棒传奇2,257.96999999999997
6,金色时光,4.0
6,金色记忆,0.02
6,钢铁侠,0.01
6,铁血,11.809999999999999
6,银杏之梦,3.0299999999999994
6,锦衣卫,0.02
6,镇海保卫战,46.09
6,长江7号爱地球,0.02
6,门徒,0.03
6,间谍,0.76
6,阳光留守,3.48
6,阿凡提和阿瓦提,0.0
6,阿凡达,0.05
6,阿童木,0.8200000000000001
6,陆知马俐,4.93
6,雏鸟的天空,0.39
6,青红,0.01
6,青蛇,0.52
6,静静的嘛呢石,0.43000000000000005
6,非常主播,0.01
6,非常完美,0.43000000000000005
6,非秀不可,32.4
6,顺风车,45.87999999999999
6,风云1927,1.26
6,风云决,0.03
6,风暴,0.06
6,飞天,1.78
6,高举爱,0.0
6,魁拔,2.9
6,魁拔之大战元泱界,1896.6399999999999
6,魔兽,133643.57
6,魔幻仙踪,1499.7799999999997
6,魔轮,1.47
6,麦兜;我和我妈妈,9.909999999999998
6,麦兜我和我妈妈,9.909999999999998
6,麦田,0.06
6,黑猫警长,1.5700000000000003
6,龙凤呈祥,0.23000000000000004
7,2014艺术影院第一批篇目,0.04
7,2016国家大剧院国际歌剧电影展,0.68
7,2016年国家大剧院国际歌剧电影展,6.96
7,CCG EXPO动画电影展,3.79
7,CCG EXPO动画电影展映,3.32
7,一夜惊喜,0.87
7,一生有爱,0.03
7,三人行,494.46000000000004
7,三只小猪与神灯,412.99
7,三城记,0.27
7,三岔口,0.11000000000000001
7,三毛从军记,0.02
7,三笑之才子佳人,0.03
7,上学路上,0.06
7,下一个奇迹,0.02
7,不二神探,3192.4300000000003
7,不再说分手,5.91
7,不肯去观音,132.07
7,丑女大翻身,0.03
7,丑小鸭历险记,416.32
7,东京审判,0.47
7,东方中国梦,39.16999999999999
7,为了这片土地,0.38
7,举起手来,0.04
7,乐乐熊奇幻追踪,4.4399999999999995
7,二子开店,0.06
7,云水谣,0.02
7,五女拜寿,0.5700000000000001
7,京城81号,34122.21
7,亲，别怕鬼宅凶灵,223.14
7,人在驴途,6.220000000000001
7,今天&middot;明天,2.12
7,代课老师,0.02
7,伊宁不眠夜,0.04
7,倔人吕尚斌,0.02
7,假装看不见之电影大师,17.11
7,催命符,134.38
7,傲慢与偏见,0.02
7,党的女儿尹灵芝,67.25999999999999
7,全城戒备,0.01
7,公主复仇记,0.04
7,六壮士,0.05
7,六弄咖啡馆,527.47
7,兵临城下之决战要塞,0.01
7,再次出发,803.27
7,再生之乐,9.84
7,军医,0.44
7,冬,18.97
7,冬荫功2：拳霸天下,0.3
7,决战刹马镇,0.03
7,冷酷收获,0.04
7,分手大师,10163.72
7,分歧者2：绝地反击,211.38
7,初恋未满,187.22999999999996
7,刺猬小子之天生我刺,798.0200000000001
7,刻在石磨上的勋章,0.08
7,功夫侠,65.78999999999999
7,北漂鱼,3.75
7,十个约定,0.06
7,十五岁的笑脸,2.77
7,千里追踪,0.07
7,午夜43路,194.26999999999995
7,卒迹,0.16999999999999998
7,南京！南京！,0.02
7,南口1937,38.32
7,南平红荔,0.08
7,危城之恋,0.04
7,危机行动,59.26
7,双人床条约,0.03
7,发条城市,321.44
7,变形金刚2,0.04
7,变形金刚4：绝迹重生,67928.58
7,古田会议,64.64999999999999
7,古路,0.0
7,可爱的中国,0.38
7,同根生,0.03
7,名侦探柯南2009：漆黑的追迹者,0.13
7,名侦探柯南2012：第11人的前锋,0.03
7,后会无期,41647.530000000006
7,向日葵,0.09
7,向日葵女孩,0.8
7,听说,47.65
7,吴哥的微笑,4.749999999999999
7,告诉他们，我乘白鹤去了,1.86
7,周恩来的四个昼夜,53.699999999999996
7,命中注定,5403.490000000001
7,咏春小龙,3.31
7,咒丝,730.68
7,咱们的工会主席,3.2
7,哆啦A梦06剧场版：大雄的恐龙,0.5700000000000001
7,哆啦A梦：新・大雄的日本诞生,9657.12
7,唐家山之恋,4.1
7,喜羊羊与灰太狼之兔年顶呱呱,0.07
7,喜羊羊与灰太狼之虎虎生威,0.14
7,回到原点,0.060000000000000005
7,因为谷桂花,2.9299999999999997
7,城南旧事,0.23
7,夏有乔木 雅望天堂,437.53999999999996
7,多梦季节,0.0
7,夜半歌声,0.02
7,夜袭,0.12
7,大块头有大智慧,0.01
7,大城小事,0.01
7,大宅男,112.35
7,大搜查,0.06
7,大明猩,8391.929999999998
7,大气层消失,0.03
7,大火种,544.6899999999999
7,大牌+39&deg;,0.52
7,大笑江湖,0.13
7,大魔术师,0.15
7,大鱼海棠,38202.670000000006
7,天亮之前,3535.4400000000005
7,天台爱情,8977.410000000002
7,天生有福,0.34
7,太平轮：彼岸,1398.51
7,太极侠,2507.0899999999997
7,太极先锋,0.01
7,奥拉星：进击圣殿,820.86
7,如果&middot;爱,0.24
7,如果;爱,0.01
7,如果爱,0.01
7,妃子笑,0.02
7,宅女侦探桂香,1.2999999999999998
7,守望者,0.04
7,守梦者,10.82
7,完美婚礼,0.18000000000000002
7,完美的爱,0.01
7,宝莲灯,0.18000000000000002
7,宝葫芦的秘密,1.48
7,宝贝女儿好妈妈之吃记忆的大雪球,0.08
7,宝贝当家,1123.46
7,宝贝计划,0.07
7,密室之不可靠岸,0.04
7,寒战2,61634.200000000004
7,对风说爱你,69.92999999999999
7,寻龙夺宝,0.01
7,封神传奇,20003.66
7,封神传奇之驱魔英雄,5.970000000000001
7,小人国,0.05
7,小兵张嘎,0.02
7,小战象,0.03
7,小战象2,13.0
7,小时代,15332.740000000002
7,小时代3：刺金时代,37976.96
7,小时代4：灵魂尽头,47743.030000000006
7,小时代4：灵魂尽头（纪录片版）,285.87
7,小时代:青木时代,0.47000000000000003
7,小猪班纳大电影之梦想大“帽”险,129.89
7,小羊肖恩,4645.139999999999
7,少女哪吒,39.010000000000005
7,少年岳飞传奇,0.03
7,少年师爷之大禹宝藏,104.39
7,少年派的奇幻漂流,0.03
7,山间传来牛铃声,0.25
7,巴霍巴利王：开端,682.75
7,巴黎假期,395.78999999999996
7,帝企鹅日记,0.01
7,幸运是我,0.43
7,幻影车神：魔盗激情,1732.8699999999997
7,开心超人,1671.2499999999998
7,开心超人2启源星之战,2704.899999999999
7,张思德,0.21000000000000002
7,张震讲故事之合租屋,431.6300000000001
7,张震讲故事之鬼迷心窍,2082.28
7,当流星划过天际,428.44
7,彩票也疯狂,0.23000000000000004
7,御前侍卫,0.03
7,忍者神龟2：破影而出,34827.9
7,忠诚与背叛,0.5900000000000001
7,快手枪手快枪手,5668.460000000003
7,恋爱排班表,9.01
7,恋爱通告,0.02
7,恐怖游泳馆,65.69
7,恐怖爱情故事之死亡公路,64.61
7,情况不妙,649.15
7,情回鹭岛,480.79
7,情归鹭岛,0.39
7,情战,0.02
7,惊天危机,14964.5
7,惊天大逆转,7839.179999999999
7,惊天魔盗团2,13183.96
7,惊魂电影院,10.69
7,憨哥进城,443.39
7,我叫哀木涕之山口山战记,5.509999999999999
7,我坚强的小船,0.05
7,我就是我,244.42000000000002
7,我想结婚的时候你在哪,0.15
7,我是大明星,5.77
7,我是路人甲,4467.97
7,我最好朋友的婚礼,0.0
7,我爱灰太狼2,0.74
7,我爱的是你爱我,0.02
7,我的康乃馨,0.01
7,我的影子在奔跑,0.5
7,我的男友和狗,29.23
7,我要成名,0.02
7,战鸽快飞,0.03
7,所以……和黑粉结婚了,5546.55
7,打擂台,0.12
7,扬起你的笑脸,0.02
7,拐杖,1.9800000000000002
7,拳霸风云,18.75
7,捉妖记,49441.83
7,摇滚英雄,0.12
7,摇滚藏獒,3115.5800000000004
7,放心去飞,419.3
7,敏感事件,0.01
7,救我,0.05
7,敢死队2,0.01
7,文字国历险记――浩昊勇闯童话城,0.07
7,斗茶,0.62
7,新步步惊心,0.04
7,新红河谷,1.51
7,无处可逃,293.1599999999999
7,无极限之危情速递,0.08
7,无法证明,3.5299999999999994
7,早见，晚爱,239.6
7,昆塔&middot;盒子总动员,0.73
7,星星之火,0.02
7,星星的梦,0.04
7,春天的狂想,0.12
7,春田花花同学会,0.03
7,暖春,0.02
7,暴力街区,10.719999999999999
7,曼德拉,63.37
7,最爱,0.01
7,月亮湾的笑声,0.04
7,有话好好说,0.04
7,木偶传奇,0.17
7,杀手欧阳盆栽,0.01
7,李小龙我的兄弟,0.27
7,杨贵妃,0.26
7,杨门女将之军令如山,0.14
7,柴生芳,0.0
7,栀子花开,35904.1
7,校花诡异事件,760.0699999999998
7,模仿游戏,2900.93
7,模特魅影,294.30000000000007
7,横冲直撞好莱坞,8724.97
7,正骨,9.72
7,武侠,0.01
7,武术之少年行,0.09
7,死亡迷局,0.02
7,死亡邮件,16.7
7,毒中毒,12.84
7,毛泽东与齐白石,119.88
7,江山美人,0.04
7,汽车人总动员,567.6400000000001
7,沂蒙六姐妹,0.31
7,沉睡魔咒,749.9200000000001
7,没事偷着乐,0.05
7,泡沫之夏,787.2
7,泰山归来：险战丛林,27579.450000000004
7,洋妞到我家,0.12000000000000001
7,洗澡,0.24
7,洛克王国3：圣龙的守护,4508.56
7,浩昊文字国历险记--三战怪怪城,9.469999999999999
7,浩昊文字国历险记之智斗谜语城,0.77
7,海岛小卫士,0.96
7,海底总动员2：多莉去哪儿,74.2
7,海神密码,16.82
7,滚拉拉的枪,0.09
7,滚蛋吧！肿瘤君,4.5
7,激战,0.48
7,火海逃生,1.09
7,火焰山历险记,573.4
7,炮制女朋友,0.060000000000000005
7,煎饼侠,27.42
7,熊猫大侠,0.2
7,爱&middot;你别走,0.14
7,爱&middot;回家/外婆的家,0.02
7,爱之初体验,3.9699999999999998
7,爱在那一天,0.01
7,爱封了,0.03
7,爱情真可怕,0.02
7,爱情魔发师,17.230000000000004
7,爱爱迨,0.05
7,爱，很美,36.21
7,独立日：卷土重来,10810.27
7,狮口惊魂,0.10999999999999999
7,狼牙山五壮士,0.06
7,猪猪侠之终极决战,4488.739999999999
7,王朝的女人&middot;杨贵妃,5093.0
7,王朝的女人;杨贵妃,5093.0
7,王朝的女人杨贵妃,5093.0
7,环太平洋,5794.85
7,环形使者,0.07
7,珠城之恋,0.01
7,班主任,6.909999999999999
7,生死抉择,0.09
7,生死缉毒,0.05
7,生活的颤音,0.13
7,男人制造,7.779999999999999
7,男儿本色,0.15000000000000002
7,画皮,0.02
7,白发魔女传之明月天国,2546.95
7,白居易在龙门,0.0
7,白雪公主与青蛙王子,0.13
7,盲探,11402.32
7,破局,100.22
7,破风,62.57
7,祈祷,0.01
7,神秘世界历险记,0.02
7,神秘世界历险记3,3924.49
7,神笔马良,4581.81
7,神通乡巴佬,0.02
7,秦时明月3D电影龙腾万里,21.099999999999998
7,章鱼哥,20.910000000000004
7,笔仙,4.330000000000001
7,笔仙Ⅱ,6923.19
7,笔仙Ⅲ,4493.56
7,笔仙撞碟仙,497.0799999999999
7,第十九层空间,0.13
7,等爱归来,7.83
7,简单爱,18.17
7,精武风云;陈真,0.12000000000000001
7,精武风云陈真,0.12000000000000001
7,精灵王座,2.92
7,红楼梦（昆曲）,6.43
7,红色满洲里,0.16
7,红色警戒999,623.32
7,约定倒计时,3.71
7,纳布科,0.73
7,终极大冒险,441.08
7,终极挑战3,0.08
7,终极胜利,73.14
7,给太太打工,0.03
7,绝地逃亡,72716.72000000002
7,绝战,38.26
7,绿草地,0.08
7,罪恶赎金,453.58
7,美人鱼之海盗来袭,228.81
7,美国骗局,1904.9200000000003
7,老五的奥斯卡,29.15
7,老哨卡,8.64
7,老男孩之猛龙过江,15.940000000000001
7,老警,0.3
7,老阿姨,326.44
7,胜利,0.03
7,自行车,0.5800000000000001
7,致命对决,0.98
7,致青春・原来你还在这里,27180.730000000003
7,舞出我人生2,0.06999999999999999
7,花田质2010,0.02
7,花花型警,0.03
7,英雄,0.03
7,荒村客栈,0.11000000000000001
7,萨米大冒险,7.28
7,萨米大冒险2,589.5899999999999
7,蓝莓之夜,0.02
7,蔡李佛-极限拳速,0.03
7,虐面人之死灵面膜,2.27
7,蚀之春风桃李,0.15
7,蝴蝶梦,0.03
7,街头杀手,0.03
7,西洋镜,0.06
7,西游新传,0.21
7,西游新传2：真心话大冒险,165.54
7,西游记之大圣归来,19354.63
7,记忆望着我,0.58
7,说说美丽世界,0.34
7,诺苏之鹰,0.04
7,谜城,4907.17
7,财神客栈,0.11
7,赏金猎人,20348.5
7,赛尔号2：雷伊与迈尔斯,7.77
7,赛尔号4大电影：圣魔之战,5763.300000000001
7,赛尔号5：雷神崛起,5137.87
7,赛尔号之寻找凤凰神兽,13.83
7,赛尔号大电影3之战神联盟,6417.63
7,赤警威龙,1262.69
7,走出西柏坡,0.06
7,超人：钢铁之躯,2177.35
7,超级保镖,543.83
7,超能太阳鸭,1982.3999999999996
7,超萌英雄,45.49
7,超蛙战士之威武教官,0.02
7,路边野餐,536.74
7,车在逋,0.01
7,辛亥革命,1.66
7,达人也疯狂,8.790000000000001
7,近在咫尺的爱恋,4.19
7,返乡,2.4099999999999997
7,这里，那里,0.01
7,迷城,31.61
7,追踪长尾豹马修,627.81
7,通灵之六世古宅,1538.8700000000003
7,速度与激情6,26841.09
7,道士下山,39714.740000000005
7,邓小平登黄山,26.48
7,那件疯狂的小事叫爱情,6.87
7,重来,0.19
7,重返地球,20332.399999999998
7,野人传奇,0.18
7,野蛮的温柔,0.02
7,金色时光,0.55
7,铁血,0.74
7,铠甲勇士之帝皇侠,0.09
7,门,0.01
7,门徒,0.47
7,闺蜜,3493.8100000000004
7,阳光舞台,0.01
7,阿诗玛,0.02
7,陆知马俐,343.29999999999995
7,难忘的岁月,2.75
7,集结号,0.31
7,雏菊,0.23
7,雪落牛河,0.53
7,青春派,2.15
7,青红,0.01
7,静静的嘛呢石,0.14
7,非常主播,0.03
7,风云决,0.01
7,飞天,1.29
7,飞越老人院,0.56
7,首席执行官,0.42
7,骆驼祥子,0.08
7,魔轮,664.61
7,魔都凶音,393.83
7,魔鬼特遣队,0.01
7,麦兜・饭宝奇兵,1.3
7,麦兜响当当,0.04
7,麦兜当当伴我心,0.01
7,黄石的孩子,0.01
7,黎明行动,0.08
7,默守那份情,64.16
7,龙之谷：破晓奇兵,734.3000000000001
7,龙拳小子,3.43
7,龙虎门,0.06
7,龙须沟,0.04
8,2014艺术影院第一批篇目,0.1
8,2016年国家大剧院国际歌剧电影展,1.09
8,2016年意大利电影展映,0.09
8,Hi，高考君,17.78
8,一个老师的学校,187.2
8,一场风花雪月的事,2223.72
8,一夜惊喜,12028.769999999999
8,一棵心中的许愿树,3.2399999999999998
8,一生一世,17.51
8,一路向前,495.26
8,一路有你,0.14
8,七月半2：前世今生,736.2099999999999
8,七月半之恐怖宿舍,1115.6299999999999
8,三个和尚,0.37
8,三城记,1035.36
8,上学路上,0.48000000000000004
8,下一站再爱你,223.35
8,不再说分手,843.77
8,不肯去观音,30.66
8,与贼同屋,38.2
8,世纪大阅兵,0.08
8,丛林之王,1799.0299999999997
8,东北偏北,4.08
8,临时同居,9363.73
8,为了这片土地,1.9900000000000002
8,九色鹿,0.31000000000000005
8,了不起的盖茨比,1873.9
8,云上太阳,0.01
8,亲亲海豚,0.6100000000000001
8,人在驴途,0.01
8,人狼大战,0.23
8,人生不能重来,7.72
8,今天&middot;明天,0.35
8,他是龙,5890.589999999998
8,代课老师,0.07
8,传奇状元伦文叙,11.06
8,低碳爱情,0.49
8,使徒行者,39279.93
8,侏罗纪公园3D,21853.260000000002
8,催命符,93.61
8,全民目击,0.94
8,八万里,0.95
8,六壮士,0.06
8,六弄咖啡馆,116.69000000000001
8,兵临城下,0.0
8,再见巨人,0.07
8,冬荫功2：拳霸天下,1101.9099999999999
8,冰川时代5：星际碰撞,34262.38
8,冰雪女王,363.44
8,凤凰,0.05
8,别拿自己不当干部,0.01
8,刺客聂隐娘,4346.2
8,刺猬小子之天生我刺,5.619999999999999
8,剑齿王朝,0.1
8,勇闯16街区,0.39
8,勿忘初心,8.3
8,北京万国城2016香港主题电影展映,0.25
8,北京等待,3.2699999999999996
8,华丽上班族,13.55
8,卒迹,0.1
8,危城,16126.260000000002
8,危机行动,7.369999999999999
8,双人床条约,0.060000000000000005
8,双生灵,299.8
8,双龙会,0.02
8,反贪风暴,8973.42
8,变脸,0.03
8,变节-潜罪犯,0.02
8,古曼,349.78000000000003
8,史来贺,3.5
8,吉祥宝宝之我是食神,27.02
8,名侦探柯南2009：漆黑的追迹者,0.11
8,后会无期,9303.830000000002
8,听风者,0.08
8,启功,1.9100000000000001
8,吴哥的微笑,0.73
8,呼吸正常,0.69
8,咏春小龙,0.26
8,咱们的工会主席,0.43
8,哆啦A梦06剧场版：大雄的恐龙,0.08
8,哆啦A梦：新・大雄的日本诞生,429.05999999999995
8,唇唇欲动,32.68000000000001
8,喊・山,71.67
8,喜羊羊与灰太狼之兔年顶呱呱,0.11000000000000001
8,喜羊羊与灰太狼之虎虎生威,0.08
8,四大名捕大结局,17859.64
8,回到爱开始的地方,1060.4899999999998
8,在世界中心呼唤爱,1047.44
8,夏日示爱,34.43
8,夏有乔木 雅望天堂,14017.78
8,夏洛特烦恼,4.23
8,外出,0.16
8,夜迷宫,0.13
8,大变局之梦回甲午,0.6
8,大块头有大智慧,0.02
8,大山之恋,0.26
8,大搜查,0.04
8,大海啸之鲨口逃生,0.15
8,大牌+39&deg;,99.05999999999999
8,天使请吻我,1.53
8,天生有福,0.19000000000000003
8,天行者,0.03
8,太平轮：彼岸,3442.41
8,太空营救,0.09
8,太行山上,0.0
8,太阳总在左边,0.19
8,奥拉星：进击圣殿,4.49
8,女巫季节,0.5
8,好命先生,2088.84
8,好好过,8.63
8,孕城,2.1
8,宅女侦探桂香,4054.02
8,守梦者,4.63
8,守灵,0.05
8,宝葫芦的秘密,0.63
8,宝贝女儿好妈妈之吃记忆的大雪球,0.01
8,宝贝当家,370.2
8,宫锁沉香,5170.960000000001
8,对岸的战争,0.03
8,寻找智美更登,0.1
8,封神传奇,7924.5999999999985
8,封神传奇之驱魔英雄,0.04
8,小人国,0.15999999999999998
8,小战象2,0.5
8,小神来了,100.91000000000001
8,小西天狄道传奇,7.389999999999999
8,小鬼智多星,187.16000000000003
8,少年岳飞,0.9299999999999999
8,少年岳飞传奇,0.22
8,少年师爷之大禹宝藏,0.6
8,少年派的奇幻漂流,0.28
8,岛,7.629999999999999
8,崂山道士,0.56
8,巴霍巴利王：开端,31.4
8,巴黎假期,1229.04
8,平原游击队,0.04
8,平安岛,0.01
8,幸运是我,73.8
8,幻影车神：魔盗激情,140.04999999999998
8,床下有人2,1251.39
8,庐山恋,0.03
8,庞贝末日,8894.070000000003
8,开罗宣言,1.1
8,张思德,0.16999999999999998
8,微微一笑很倾城,21444.309999999998
8,心跳戈壁,3.21
8,忘了去懂你,156.66000000000003
8,忠诚与背叛,3.9899999999999993
8,怪兽大学,16474.940000000002
8,恋爱中的城市,5344.160000000001
8,恐怖游泳馆,321.82
8,恐怖爱情故事之死亡公路,6.140000000000001
8,情况不妙,230.49999999999997
8,情剑,19.49999999999999
8,情战,0.01
8,情敌蜜月,16.61
8,情缘廊桥,1.7500000000000002
8,惊天危机,1030.26
8,惊天绑架团,1259.8099999999997
8,我们毕业的夏天,79.92
8,我们的十年,1.27
8,我们诞生在中国,4204.7
8,我和红七军,486.56
8,我坚强的小船,0.060000000000000005
8,我想结婚的时候你在哪,277.44
8,我是大明星,0.02
8,我是大熊猫,0.36000000000000004
8,我是大熊猫之熊猫大侠,79.94999999999997
8,我是奋青,46.75000000000001
8,我最好朋友的婚礼,3680.65
8,我爱灰太狼,7.26
8,我爱灰太狼2,6746.419999999999
8,我爱高大全,1.16
8,我爸比我小四岁,198.57
8,我的影子在奔跑,0.11
8,我的诗篇,25.0
8,战争狂人,18.0
8,战火中的芭蕾,1095.5400000000002
8,摩登年代,6276.09
8,敢死队2,0.12
8,敢死队3,374.1
8,新大头儿子和小头爸爸2一日成才,7945.8
8,新娘大作战,17154.319999999996
8,新步步惊心,2504.8699999999994
8,无脚鸟,0.53
8,无间道,0.01
8,无间道2,0.01
8,时间都去哪了,15.929999999999998
8,昆塔&middot;盒子总动员,1283.71
8,昆虫总动员,2075.9700000000003
8,昆虫总动员（法国）,429.06
8,星语心愿之再爱,13.850000000000001
8,暗藏杀机,0.46
8,暴力街区,14017.509999999998
8,杂技小精灵,0.3
8,李献计历险记,0.01
8,来历不明,20.1
8,杨贵妃,0.78
8,枪王之王,0.13
8,桂宝之爆笑闯宇宙,4878.549999999999
8,桃姐,0.08
8,模仿游戏,200.58
8,模特魅影,26.359999999999996
8,正骨,0.49
8,歼十出击,1.38
8,毒中毒,4.640000000000001
8,毛丰美,42.98
8,民工&middot;老大&middot;老板,443.7
8,民工;老大;老板,443.7
8,民工老大老板,443.7
8,永春白鹤拳之擎天画卷,37.58
8,江湖论剑实录,1058.81
8,泡沫之夏,0.79
8,洋妞到我家,293.9
8,洛克王国4：出发！巨人谷,6129.119999999999
8,浮云,1.72
8,海啸奇迹,2209.77
8,海岛小卫士,0.19
8,海洋之歌,1476.1000000000004
8,消失的子弹,0.22999999999999998
8,滚拉拉的枪,0.48000000000000004
8,滚蛋吧！肿瘤君,40.010000000000005
8,满城尽带黄金甲,0.06
8,激战,6709.15
8,火海凌云,3012.539999999999
8,火童,0.21000000000000002
8,烈日灼心,14632.23
8,爱之初体验,7.62
8,爱在星空下,47.93
8,爱宠大机密,33075.81
8,爱开始的地方,2.77
8,爱情进化论,728.4
8,爱爱迨,201.94
8,爱，很美,1.29
8,父子,0.14
8,爸爸的木房子,11.78
8,牛胆神偷,48.92000000000001
8,犹太女孩在上海,0.2
8,犹太女孩在上海2：项链密码,33.71
8,狂野飞车,215.29000000000002
8,狼兵吼,38.46
8,猩球崛起,58.53
8,猩球崛起：黎明之战,27422.749999999996
8,玉观音,0.01
8,王子与108煞,149.92999999999998
8,王朝的女人&middot;杨贵妃,7631.78
8,王朝的女人;杨贵妃,7631.78
8,王朝的女人・杨贵妃,3.09
8,王朝的女人杨贵妃,7631.78
8,玛德2号,111.80000000000001
8,玩命魔术,0.6299999999999999
8,环太平洋,43858.76999999999
8,环形使者,0.05
8,环游地球80天/80日环游世界,0.08
8,生死缉毒,0.02
8,男人制造,11.049999999999999
8,男神时代,5.38
8,疯狂的导演,263.14
8,疯狂的疯狂,1.08
8,白发魔女传之明月天国,30272.1
8,白银帝国,6.2
8,白雪公主之矮人力量,1663.69
8,白雪公主之神秘爸爸,1016.5900000000001
8,白雪公主之魔镜魔镜,0.71
8,白雪公主和三只小猪,157.38000000000002
8,百团大战,19516.269999999997
8,益西卓玛,0.57
8,盗墓笔记,88202.27000000002
8,盗走达芬奇,0.05
8,相伴库里申科,7.959999999999999
8,破风,9963.73
8,碟仙诡谭,1893.0699999999995
8,碧罗雪山,0.5900000000000001
8,社区主任,1.7000000000000002
8,祈祷,0.01
8,神秘世界历险记,35.769999999999996
8,神秘世界历险记2,5425.889999999999
8,神秘世界历险记3,2364.8399999999997
8,神秘群岛,0.03
8,神笔马良,767.76
8,神通乡巴佬,0.07
8,秦时明月3D电影龙腾万里,2594.34
8,穷途,1.19
8,穿越硝烟的歌声,0.67
8,竹儿潇潇,0.02
8,第六届北京国际电影节进口展映影片1,18.02
8,第六届北京国际电影节进口展映影片2,33.48
8,第十九届上海国际电影节,8.49
8,等爱归来,35.81
8,粉红女郎之爱人快跑,354.3500000000001
8,精灵王座,2341.8300000000004
8,红色警戒999,72.26
8,红髅,278.12999999999994
8,纯纯欲动,2.3399999999999994
8,细菌大作战,0.11
8,终极匹配,0.02
8,终极审判,0.08
8,终极挑战3,0.04
8,终极硬汉,459.26
8,终结者2018,0.27
8,终结者：创世纪,54939.84999999999
8,绣春刀,7455.179999999999
8,绿草地,0.12
8,美丽笨女人,0.01
8,美人邦,541.29
8,美人鱼之海盗来袭,1426.81
8,老阿姨,168.78
8,聪明小鬼斗笨贼,0.06
8,胜利,0.04
8,自古英雄出少年之岳飞,0.26999999999999996
8,致命闪玩,36.4
8,花样厨神,229.63
8,花花型警,0.1
8,虹飞千岛,443.41
8,蚀之春风桃李,0.35
8,蚀之章台秋柳,0.4600000000000001
8,被偷走的那五年,124.33999999999999
8,西柏坡,0.09000000000000001
8,诡劫,168.39
8,诡新娘,337.38
8,诡魇,340.6
8,诱狼,293.49
8,说说美丽世界,0.04
8,诺亚方舟漂流记,1208.1899999999998
8,谍影重重5,38044.7
8,谎言西西里,1787.76
8,谜城,8223.49
8,赛尔号5：雷神崛起,380.61
8,赵氏孤儿,0.02
8,超级女特工,0.07
8,超级经纪人,2.29
8,车在逋,0.05
8,轩辕剑传奇,283.64000000000004
8,转山,1.71
8,达人也疯狂,0.05
8,返乡,0.43999999999999995
8,这个大叔不太,5.55
8,这里的黎明静悄悄,545.4899999999999
8,迟到的恋曲,0.01
8,迷城,33.239999999999995
8,通灵之六世古宅,54.81
8,速度与激情6,10351.43
8,遍地狼烟,0.03
8,那些年，我们一起追的女孩,0.04
8,那件疯狂的小事叫爱情,3172.93
8,里耶&middot;情简,0.62
8,里耶;情简,0.62
8,里耶情简,0.62
8,野蛮的温柔,0.06
8,金钱帝国,0.04
8,钢铁玫瑰,5.169999999999999
8,铁血大动脉,0.0
8,闺蜜,8299.94
8,隔窗有眼,118.64
8,雪落牛河,0.21
8,雷锋,0.1
8,霹雳贝贝,0.4
8,青春,0.03
8,青春&middot;com,0.03
8,青春派,2615.1500000000005
8,青春的应答,0.14
8,静静的嘛呢石,0.53
8,非你勿扰,35.64999999999999
8,非诚勿扰,0.05
8,风云决,0.01
8,飓风营救2,0.04
8,飞天,0.2
8,飞跃地心,23.41
8,香气,219.92999999999998
8,马兰花,0.2
8,驯龙高手2,32256.029999999995
8,高铁英雄,113.37000000000002
8,魔都凶音,12.350000000000001
8,魔镜奇缘,327.89000000000004
8,鱼儿离不开水,0.5
8,鱼龙勇士,0.13
8,鹭语,486.23000000000013
8,鹰笛&middot;雪莲,7.280000000000001
8,鹰笛;雪莲,7.280000000000001
8,鹰笛・雪莲,0.12
8,鹰笛雪莲,7.280000000000001
8,麦兜・饭宝奇兵,0.23
8,麦兜响当当,0.16999999999999998
8,麦兜当当伴我心,0.04
8,麦特巴卜和大嘴,0.1
8,黄石的孩子,0.15000000000000002
8,黑猫警长之翡翠之星,4606.07
8,黑瞳,355.19999999999993
8,龙之谷：破晓奇兵,4283.29
8,龙拳小子,388.03000000000003
8,龙门飞甲,0.07
9,0.5的爱情,53.93000000000001
9,1980年代的爱情,154.52000000000004
9,234说爱你,241.59
9,4B青年之4楼B座,442.87000000000006
9,5月天诺亚方舟,1879.53
9,81号农场之保卫麦咭,383.14000000000004
9,81号农场之疯狂的麦咭,0.75
9,Hello！树先生！,0.12
9,Hi，高考君,4.76
9,一个老师的学校,299.8
9,一句顶一万句,3.95
9,一座城池,679.5699999999999
9,一条叫王子的狗,70.15999999999998
9,一棵心中的许愿树,0.6
9,一生一世,14415.03
9,一路顺疯,289.58
9,七月与安生,11095.130000000001
9,三个孬家伙,10.12
9,三个未婚妈妈,2.27
9,三城记,73.15
9,三峡好人,0.06
9,三笑之才子佳人,0.04
9,上海英国电影周,14.280000000000001
9,下一站再爱你,4.25
9,不惧风暴,10128.740000000002
9,不许动,4.890000000000001
9,与贼同屋,7.2
9,丛林之王,3.37
9,东莞女孩,10.399999999999999
9,丝路英雄・云镝,63.040000000000006
9,丢羊,5.430000000000001
9,为爱放手,42.82999999999999
9,乔布斯,734.34
9,九层妖塔,11377.119999999999
9,九条命,9737.91
9,乡村守望的女人,0.72
9,乱世护宝,7.559999999999999
9,了不起的盖茨比,4857.98
9,二次曝光,0.8600000000000001
9,五月天追梦3DNA,2.39
9,亚马逊萌猴奇遇记,1497.6799999999996
9,亲亲海豚,0.01
9,亲爱的,14163.630000000001
9,人生不能重来,10.05
9,人皮拼图,373.0
9,今天&middot;明天,0.04
9,从你的全世界路过,13807.32
9,从哪来，到哪去,6.49
9,代课老师,0.03
9,使命召唤,389.39
9,像素大战,9790.619999999999
9,兄弟之生死同盟,0.02
9,光棍终结者,0.0
9,全城戒备,0.02
9,全民目击,6611.120000000001
9,八星抱喜,0.19
9,军医,0.1
9,冰川时代5：星际碰撞,5464.67
9,凤凰谷,11.92
9,击战,81.38999999999999
9,分歧者：异类觉醒,7141.35
9,别有动机,1178.47
9,刺客聂隐娘,1482.73
9,剑齿王朝,0.02
9,动物也疯狂,797.85
9,动物总动员,0.03
9,勇闯16街区,0.06999999999999999
9,勿忘初心,1.48
9,北京万国城2016香港主题电影展映,2.98
9,千机变2,0.01
9,华丽上班族,4546.179999999999
9,卧龙岗,0.12
9,反贪风暴2,19187.649999999998
9,变节-潜罪犯,0.0
9,古路,0.08
9,古镇凶灵之巫咒缠身,868.09
9,史来贺,2.83
9,叶问2 宗师传奇,0.01
9,吉祥宝宝之我是食神,0.3
9,听风者,0.6599999999999999
9,启功,22.52
9,咱们的工会主席,0.21
9,哈勃望远镜3D,1.4000000000000001
9,唐山大地震,0.08
9,喊・山,9.01
9,喜羊羊与灰太狼之虎虎生威,0.12
9,喵星少年漂流记,59.41
9,嗨起，打他个鬼子,0.61
9,四大名捕大结局,204.51
9,回到爱开始的地方,33.68
9,回头是远方,487.3
9,团圆,15.990000000000004
9,在世界中心呼唤爱,42.46
9,地域无门,9.120000000000001
9,地球四季,93.37
9,墓穴迷城,112.77
9,声梦奇缘,0.02
9,夏日示爱,34.81
9,夏洛特烦恼,3390.26
9,夜半哭声,218.70000000000002
9,夜莺,0.5700000000000001
9,夜魔人,21.500000000000004
9,大丑,0.61
9,大变局之梦回甲午,16.43
9,大城小事,0.05
9,大峰祖师,43.23999999999999
9,大有前途,0.18
9,大武当之天地密码,0.01
9,大腕,0.15
9,大话西游3,34187.64
9,大魔术师,0.83
9,天亮以后不分手,0.05
9,天使请吻我,0.07
9,天生狂野,0.04
9,天钟,1.15
9,太空营救,0.01
9,夺路而逃,0.07
9,奇幻女侠,360.65
9,奇葩追梦,47.10000000000001
9,女生宿舍,1198.8600000000001
9,如果&middot;爱,0.03
9,姚明年,0.25
9,孕城,13.38
9,孙中山,0.01
9,守候的心,3.15
9,安娜卡列尼娜,0.04
9,宝贝女儿好妈妈之吃记忆的大雪球,0.01
9,寄生兽,4680.780000000002
9,密室之不可靠岸,0.18
9,对岸的战争,0.060000000000000005
9,寻找女神・娇阿依,10.26
9,将离草,0.32
9,小人国,0.28
9,小战象2,0.7
9,小鬼智多星,299.78
9,小鬼队,1.38
9,小魔仙之黑魔法来袭,51.79
9,小黄人大眼萌,35113.53999999999
9,少年岳飞,0.79
9,少年当自强,7.7299999999999995
9,少年杨靖宇,0.8200000000000001
9,岛,0.01
9,工会主席,0.48
9,巴啦啦小魔仙之魔箭公主,24.58
9,巴黎危机,1416.86
9,巴黎宝贝,2.76
9,帝国秘符,341.49000000000007
9,幸福很,9.779999999999998
9,幸福梦想,0.1
9,幽灵医院,61.0
9,床下有人,0.38
9,床下有人2,40.82
9,廊桥1937,0.25
9,建国大业,0.7
9,开罗宣言,557.65
9,心曲,3.66
9,心花路放,13800.01
9,心跳戈壁,0.25
9,忘了去懂你,43.52000000000002
9,忠诚与背叛,1.06
9,怪兽大学,2175.96
9,恋爱三万英尺,0.0
9,恋爱通告,0.02
9,情为何物,0.73
9,情敌蜜月,974.2199999999999
9,惊天绑架团,70.61999999999999
9,我们毕业的夏天,17.570000000000004
9,我们的十年,1710.8200000000002
9,我是你的野蛮女友,70.81000000000002
9,我是奋青,3.93
9,我最好的朋友江竹筠,0.65
9,我爱高大全,1.9599999999999997
9,我的战争,2872.6999999999994
9,我的母亲,0.44000000000000006
9,我的诗篇,1.7
9,我的野蛮女友2,0.01
9,我要成名,0.01
9,战争狂人,2.7299999999999995
9,战火中的芭蕾,32.8
9,战金刚,6.220000000000001
9,找乐,0.07
9,挑战者,0.04
9,挑战者联盟,553.4599999999999
9,换个活法,3.9899999999999998
9,摩登年代,377.47
9,摩登森林之美食总动员,192.72
9,放飞理想,487.16
9,敢死队3,34258.770000000004
9,斗地主,75.77000000000001
9,斗艳,0.13
9,斗茶,5.84
9,新东方神娃,2.26
9,新大头儿子和小头爸爸之秘密计划,1550.7800000000002
9,新康定情歌,0.12999999999999998
9,新木偶奇遇记,6.08
9,无手老师,0.16999999999999998
9,时光恋人,400.79
9,昆虫总动员,39.83
9,星语心愿之再爱,445.1500000000001
9,星际迷航3：超越星辰,37872.079999999994
9,暗杀,4470.310000000001
9,有一天,147.58999999999997
9,来历不明,0.54
9,来电不善,487.15999999999997
9,极乐空间,13207.490000000002
9,极速天使,0.5900000000000001
9,极速蜗牛,6981.620000000002
9,枕边诡影,372.8499999999999
9,校车,7.280000000000001
9,桃姐,1.98
9,森林孤影,2.6399999999999997
9,樱桃小丸子：来自意大利的少年,2254.95
9,死亡派对,501.73999999999995
9,母语,0.67
9,毛丰美,22.39
9,民警故事,0.16
9,永春白鹤拳之擎天画卷,0.18
9,浮云,0.04
9,浮出水面的影子,0.08
9,海啸奇迹,2796.3300000000004
9,港,93940.91
9,湄公河行动,4031.16
9,火海逃生,0.19
9,火龙对决,0.06
9,烈日灼心,6116.75
9,燃烧的影像,9.670000000000002
9,爱别离,120.16
9,爱在他乡,0.03
9,爱在星空下,43.28
9,爱在那一天,0.12
9,爱开始的地方,0.01
9,爱情攻略,65.02
9,爱的“蟹”逅,46.95
9,爱的钟声,0.33
9,爵迹,6691.03
9,爸爸妈妈复婚记,0.28
9,爸爸的木房子,0.5
9,牛胆神偷,0.9299999999999999
9,犹太女孩在上海2：项链密码,33.38
9,狄仁杰之神都龙王,13941.650000000001
9,狄仁杰之通天帝国,0.19
9,猩球崛起,41.059999999999995
9,猩球崛起：黎明之战,28029.370000000003
9,王子与108煞,1.82
9,王牌逗王牌,2271.8
9,王的盛宴,1.24
9,玩命剧组,10.249999999999996
9,玩命狙击,0.02
9,环城七十里,9.959999999999999
9,男神时代,813.97
9,画皮2,0.11
9,疯狂丑小鸭,64.08
9,疯狂的导演,236.56999999999994
9,疯狂的疯狂,1.4300000000000004
9,疯狂的石头,0.16
9,痞子英雄之全面开战,0.1
9,痞子英雄：黎明升起,125.37
9,白狐,1224.43
9,白雪公主之矮人力量,5.84
9,白雪公主和三只小猪,10.92
9,白鹿原,2.17
9,百团大战,13253.69
9,盗剑72小时,18.150000000000002
9,看见我和你,3.1999999999999997
9,碟中谍5：神秘国度,67843.5
9,社区主任,11.18
9,神偷特工,0.01
9,神兽金刚之青龙再现,665.6
9,神奇,719.75
9,神通佛影,5.379999999999998
9,秋菊打官司,0.02
9,穷途,31.34
9,空中营救,9262.14
9,穿越火线,1641.88
9,穿越硝烟的歌声,107.69000000000001
9,笛声何处,0.16
9,第一次,4.68
9,第三届丝绸之路国际电影节（福州分会场）,1.98
9,第三种爱情,6265.22
9,第六届北京国际电影节进口展映影片1,3.15
9,第六届北京国际电影节进口展映影片2,7.2299999999999995
9,第六届北京国际电影节进口展映影片4,119.67
9,第十九届上海国际电影节,28.29
9,篮球小皇帝,0.24
9,粉红女郎之爱人快跑,2.32
9,精武风云&middot;陈真,0.02
9,红河,0.02
9,红鹰侠,0.01
9,纯真年代,0.69
9,细菌大作战,0.21
9,终结者：创世纪,7440.6
9,绑架大明星,0.04
9,绝命逃亡,392.01
9,绝密跟踪,889.18
9,美人邦,102.80000000000003
9,美女与野兽,1607.49
9,美食总动员,1.55
9,老刘的婚路历程,0.01
9,致命闪玩,35.27000000000001
9,舞出我人生,0.04
9,花样厨神,11.34
9,花漾,214.07999999999998
9,花香,0.15000000000000002
9,英雄本色,1.14
9,荒岛情未了,0.01
9,荒村凶间,316.63000000000005
9,荒村客栈,0.75
9,荣誉至上,8.389999999999999
9,落经山,7.120000000000001
9,落跑吧，爱情,1281.0700000000002
9,蓝精灵2,11523.79
9,蓝莓之夜,0.04
9,蔡李佛-极限拳速,0.01
9,蚀之江枫渔火,0.08
9,蝙蝠别墅,36.9
9,蟹蟹侬,0.07
9,角逐,6.4399999999999995
9,解救吾先生,2637.94
9,触不可及,6133.990000000001
9,警至情归,0.06999999999999999
9,诡八楼,677.3199999999999
9,诡劫,80.59000000000002
9,诡打墙,53.410000000000004
9,诡新娘,50.61999999999999
9,诡梦凶铃,289.80999999999995
9,诱狼,94.78
9,说说美丽世界,0.04
9,谁的青春不热血之深流不息,11.17
9,谍影重重5,4022.0
9,财神客栈,0.39
9,赤狼蚁,487.13999999999993
9,走路上学,0.25
9,超级女特工,0.01
9,超级经纪人,2314.06
9,超蛙战士之威武教官,1.53
9,跑出一片天,0.2
9,这个大叔不太,0.1
9,这里的黎明静悄悄,113.33000000000001
9,连环局,0.03
9,追凶者也,12149.28
9,逃出生天3D,1074.25
9,逆袭,18.54
9,逆转胜,33.76
9,逗鸟外传：萌宝满天飞,4416.75
9,遍地狼烟,0.01
9,那年我对你的承诺,0.8
9,金刚王：死亡救赎,1185.85
9,钱在路上跑,4.7
9,铁人,0.01
9,铁拳,770.42
9,铁血残阳,1.3
9,铠甲勇士之雅塔莱斯,2.5999999999999996
9,银河护卫队,3.6
9,长江7号：超萌特攻队,503.68
9,长江图,300.49000000000007
9,闯堂兔,0.11
9,阳光灿烂的日子,0.49
9,阿诗玛,0.03
9,隐私保险箱,0.01
9,隔窗有眼,52.27
9,雷锋,0.04
9,青春&middot;com,1.8200000000000005
9,青春小说,0.55
9,青春指南,0.2
9,青涩日记,3.61
9,青红,0.0
9,非常主播,0.02
9,非常幸运,10221.65
9,飞越老人院,0.9100000000000001
9,飞跃地心,2.1999999999999997
9,飞跃彩虹,1.69
9,香气,0.53
9,香草,0.01
9,香螺岛的故事,0.08
9,驯龙高手,0.03
9,高举爱,0.01
9,魁拔Ⅲ战神崛起,5.38
9,魔法老师,799.99
9,魔镜,772.49
9,魔镜奇缘,1207.82
9,鱼儿离不开水,0.01
9,鱼龙勇士,0.19
9,鲨滩,9200.26
9,麦兜&middot;我和我妈妈,11.879999999999999
9,麦兜・饭宝奇兵,1752.01
9,黄河,3.51
9,黄金时代,75.54
9,黎明之眼,24.499999999999996
9,黑处有什么,1.17
9,黑海夺金,212.83
9,黑皮书,0.01
9,黑骏马,0.02
9,龙虎门,0.03
9,龙门飞甲,0.24000000000000002
9,龟兔再跑,933.2999999999998
10,3D食人虫,2170.94
10,81号农场之保卫麦咭,1736.7500000000002
10,81号农场之疯狂的麦咭,1821.7100000000003
10,X战警：背水一战,0.32
10,一个人的武林,1489.39
10,一八九四&middot;甲午大海战,0.44000000000000006
10,一路顺疯,888.5300000000001
10,三岔口,0.02
10,三峡好人,0.05
10,三笑之才子佳人,0.01
10,上海公园,0.6200000000000001
10,不能说的夏天,1508.7200000000003
10,丑女大翻身,0.17
10,东方大港,0.01
10,乌龙戏凤2012,0.01
10,乔布斯,454.91
10,九层妖塔,51677.17999999999
10,五月天追梦3DNA,0.03
10,亲兄弟,0.02
10,亲爱的,6286.400000000001
10,人皮拼图,3.32
10,人间正道,0.01
10,今天&middot;明天,0.03
10,从哪来，到哪去,0.18000000000000002
10,似水流年,0.25
10,使命召唤,5.31
10,保持通话,13.620000000000001
10,兄弟之生死同盟,0.22
10,光棍终结者,0.01
10,兔子镇的火狐狸,103.36
10,全城通缉,0.72
10,八星抱喜,0.01
10,公主的诱惑,155.29
10,兰亭,67.75
10,关云长,0.02
10,兵临城下之决战要塞,1.74
10,冬去春来,3.5700000000000003
10,冰川时代4：大陆漂移,0.35
10,冰川时代：融冰之灾,3027.88
10,冲锋战警,0.7
10,冷瞳,101.33
10,制服,855.21
10,剑河,21.73
10,北回归线,239.1
10,十七岁,127.91
10,十个约定,0.03
10,十二生肖城市英雄,53.919999999999995
10,十五岁的笑脸,1.07
10,十全九美,59.50999999999999
10,午夜出租车,0.02
10,半夜叫你别回头,233.46
10,卧龙岗,23.86
10,危城之恋,0.02
10,又见梅兰芳,0.03
10,变形金刚3,0.4
10,古路,1.01
10,合欢树,1.12
10,名侦探柯南2015：业火的向日葵,1507.02
10,名侦探柯南：业火的向日葵,6008.259999999998
10,君子道,2.52
10,喜洋洋,1.4700000000000002
10,喜羊羊与灰太狼之虎虎生威,0.5900000000000001
10,喜酒,0.02
10,喜马拉雅天梯,604.32
10,喵星少年漂流记,88.63000000000002
10,嗨起，打他个鬼子,0.28
10,回到被爱的每一天,139.53
10,城南庄1948,1.4100000000000001
10,墨攻,0.02
10,夏洛特烦恼,33072.71
10,夜莺,36.17
10,大地有爱,0.02
10,大块头有大智慧,0.03
10,大城小事,0.02
10,大明劫,408.50999999999993
10,大武当之天地密码,0.03
10,大电影2.0之两个傻瓜的荒唐事,0.01
10,大胃王,0.01
10,大腕,0.02
10,大话西游之大圣娶亲,1232.41
10,大话西游之月光宝盒,911.65
10,大顺&middot;一九二七,0.2
10,天亮以后不分手,0.05
10,天眼传奇,389.50999999999993
10,太行山上,0.13
10,头脑特工队,9265.18
10,奈河,0.01
10,如果没有你,3.91
10,妈妈让我再爱你一次,17.32
10,姑娘,0.37
10,孕城,0.01
10,孤岛,90.63
10,孤岛惊魂,0.09
10,守望者,0.0
10,安娜卡列尼娜,0.03
10,完美的爱,0.01
10,宙斯之子：赫拉克勒斯,7968.419999999999
10,家有虎妻,6.9
10,密室之不可靠岸,0.01
10,寻龙夺宝,0.01
10,小巷总理,0.01
10,小战象2,1.1800000000000002
10,小王子,13135.02
10,小飞侠：幻梦启航,2678.2
10,少年岳飞,0.32999999999999996
10,山河故人,1155.38
10,巴啦啦小魔仙之魔箭公主,3515.2599999999998
10,幸存者,870.45
10,归途列车,0.02
10,德吉的诉讼,1.6799999999999997
10,心战,1042.3899999999999
10,心曲,2.19
10,心花路放,22949.39
10,心迷宫,904.3800000000001
10,忍者神龟：变种时代,4665.43
10,恋人絮语,0.01
10,恐怖电影院,483.14
10,惊天魔盗团,11369.5
10,意外的恋爱时光,0.44
10,我为相亲狂,0.86
10,我想和你好好的,7691.69
10,我是证人,8244.93
10,我的青春蜜友,54.459999999999994
10,房子,0.04
10,房车奇遇,44.8
10,手机,0.01
10,打工老板,55.75
10,探灵档案,295.58000000000004
10,搞定岳父大人,0.01
10,斗茶,0.71
10,斯大林格勒,1166.37
10,新墙头记,0.06
10,新大头儿子和小头爸爸之秘密计划,2188.09
10,无手老师,0.21000000000000002
10,无间道,0.07
10,无间道2,0.06
10,无间道3,0.04
10,既然青春留不住,4198.3
10,日本沉没,0.13
10,星月童话,0.03
10,星空,1.21
10,最青春,0.02
10,月圆凉州,0.01
10,月色狰狞,0.01
10,杀手欧阳盆栽,0.01
10,李献计历险记,0.01
10,极地大反攻,328.29999999999995
10,梦之春,0.0
10,森林孤影,0.21
10,武侠,0.02
10,毕业那年,0.82
10,毕业那年分手季,48.720000000000006
10,水煮金蟾,0.04
10,泡菜,0.01
10,活着,0.02
10,浪漫天降,735.0699999999999
10,浮云,0.01
10,浮出水面的影子,0.01
10,深夜前的五分钟,941.0100000000001
10,深情约定,13.999999999999996
10,港,31627.120000000003
10,烽火,0.03
10,爱情天梯,0.19
10,爱情真可怕,0.05
10,爱拼北京,64.12
10,特殊身份,14310.43
10,狄仁杰之神都龙王,27107.510000000002
10,狄仁杰之通天帝国,0.7
10,狙击时刻,150.83
10,独行侠,7858.12
10,猎仇者,2.09
10,猛龙特,544.4
10,环城七十里,0.16
10,痞子英雄之全面开战,11.129999999999999
10,痞子英雄：黎明升起,12989.370000000003
10,白狐,1693.92
10,盗剑72小时,64.95
10,盗走达芬奇,0.05
10,盗马贼,0.01
10,目标战,19.85
10,硬汉,0.03
10,神剑传奇,7.350000000000001
10,神奇,2627.8500000000004
10,神探,0.03
10,禁忌游戏之迷藏,333.81
10,私奔B计划,2527.8500000000004
10,移动迷宫,5088.44
10,笔仙魔咒,978.9
10,第七种味道,0.01
10,第三种爱情,652.4
10,等一个人咖啡,1034.3899999999999
10,精武风云&middot;陈真,0.6799999999999999
10,精灵旅社,2.25
10,精灵旅社2,5730.629999999999
10,精舞门,0.01
10,红粉,7.2
10,终极匹配,0.03
10,绝命逃亡,2.84
10,绝对底线,0.01
10,美姐,50.93000000000001
10,老井,0.04
10,老刘的婚路历程,1.74
10,老哨卡,0.04
10,背水一战,4292.03
10,胡僧,5.83
10,荒岛情未了,0.01
10,蓝色骨头,400.09
10,蔡李佛-极限拳速,0.01
10,蚁人,55791.549999999996
10,蝙蝠别墅,209.03
10,蝴蝶梦,0.07
10,行歌坐月,0.06
10,西游新传,0.81
10,解救吾先生,11107.289999999999
10,诡八楼,4.5
10,诡婴吉咪,472.97
10,诡打墙,43.669999999999995
10,诡替身,579.0300000000002
10,说说美丽世界,0.02
10,请将我遗忘,0.04
10,赤壁(上),0.04
10,赵氏孤儿,0.02
10,超体,19871.570000000003
10,超级女特工,0.71
10,超蛙战士之初露锋芒,17.24
10,超蛙战士之威武教官,0.8
10,跑过罗湖桥,0.9199999999999999
10,这里，那里,1.0
10,连环局,0.08
10,追你到天边,4.6
10,逃出生天3D,9259.669999999998
10,道口烧鸡铺,0.7000000000000001
10,邓小平,0.01
10,金刚狼2,21074.210000000003
10,金刚王：死亡救赎,48.62
10,铁线虫入侵,0.01
10,铁血娇娃,2.39
10,铠甲勇士之帝皇侠,12.889999999999999
10,铠甲勇士之雅塔莱斯,4272.410000000001
10,银河护卫队,46402.5
10,长江7号：超萌特攻队,291.00999999999993
10,门,0.02
10,门巴将军,26.559999999999995
10,闯入迷宅,0.05
10,闯堂兔,0.39999999999999997
10,阿凡达,0.05
10,零点杀机,34.120000000000005
10,青春指南,0.1
10,青涩日记,6.08
10,青藏线,0.02
10,非常主播,0.01
10,非诚勿扰,0.06
10,韩城攻略,0.02
10,风暴突击者,0.09
10,飞鱼秀,27.369999999999997
10,香螺岛的故事,0.8600000000000001
10,香魂女,0.06
10,魁拔Ⅲ战神崛起,2305.8500000000004
10,魔卡行动,264.32
10,魔比斯环,22.4
10,魔都爱之十二星座,0.13
10,魔镜,120.72999999999999
10,魔鬼天使,0.08
10,鱼龙勇士,0.26
10,麦兜&middot;我和我妈妈,3844.9
10,麻将棒棒手,0.0
10,黄金大劫案,0.17
10,黎明之眼,0.04
10,龙在哪里?,1446.37
10,龙在哪里？,231.49
10,龙虎门,35.120000000000005
10,龙门飞甲,0.0
11,007：幽灵党,50897.16999999999
11,21岁派对,167.84
11,X战警：背水一战,0.01
11,一个人的武林,8071.5599999999995
11,一个勺子,1799.2
11,一刻十年,6.0
11,万有引力,0.33
11,三笑之才子佳人,0.02
11,不可思异,11.6
11,不能说的夏天,122.54
11,不需要初恋的夏天,0.06999999999999999
11,乱战,0.02
11,今天&middot;明天,0.07
11,从天儿降,17.29
11,兄弟会5：同学录,0.03
11,光的棍,66.49000000000001
11,光荣使命,0.13
11,兔子镇的火狐狸,100.98
11,全城通缉,3398.67
11,公主的诱惑,3.73
11,兵临城下之决战要塞,0.02
11,冬去春来,3.53
11,冲锋战警,487.59000000000003
11,冷瞳,180.83
11,凤凰台,1.9900000000000002
11,刀,0.28
11,分手木马计,2.84
11,别样警花,2.8799999999999994
11,制服,431.13
11,前任2：备胎反击战,17342.68
11,剑河,0.6800000000000002
11,剩者为王,4522.8499999999985
11,功夫战斗机,79.10000000000001
11,匆匆那年,2111.68
11,十七岁,123.57000000000001
11,十月初五的月光,3808.6999999999994
11,半夜叫你别回头,367.36
11,单身男女,1.4900000000000002
11,单身男女2,17331.170000000002
11,危城之恋,0.03
11,双重追击,0.72
11,史努比：花生大电影,2004.7299999999998
11,叶问2 宗师传奇,0.02
11,合欢树,0.36
11,名侦探柯南2015：业火的向日葵,2.56
11,名侦探柯南：业火的向日葵,484.25
11,周恩来,0.38
11,命运呼叫转移,0.18
11,嗨起，打他个鬼子,0.1
11,回到被爱的每一天,0.2
11,地心引力,33868.229999999996
11,坏姐姐之拆婚联盟,655.4300000000001
11,坏蛋必须死,3521.58
11,城南庄1948,2.01
11,夜&middot;上海,0.01
11,夜莺,95.78999999999999
11,大明劫,20.26
11,大武当之天地密码,0.02
11,大电影2.0之两个傻瓜的荒唐事,0.01
11,大话西游之大圣娶亲,172.41
11,大话西游之月光宝盒,106.86
11,大顺&middot;一九二七,0.2
11,天河,1493.31
11,天生狂野,0.14
11,太平轮（上）,2.38
11,失恋33天,2.64
11,她们的名字叫做红,1.2099999999999997
11,如此荒唐,0.04
11,妈妈让我再爱你一次,0.4
11,姑娘,1.03
11,孔雀,0.04
11,孤岛,260.5
11,孤岛惊魂,0.1
11,孪生密码,74.03999999999999
11,守望未来,0.03
11,宙斯之子：赫拉克勒斯,91.52000000000001
11,家亦有道,0.37
11,密道追踪之阴兵虎符,1.08
11,小巷总理,0.06
11,小门神,0.5
11,小飞侠：幻梦启航,73.78
11,少女灵异日记,229.48
11,山乡书记,0.05
11,山河故人,1392.0599999999997
11,平安之盾,0.17
11,年少轻狂,1263.93
11,幸福快递,28.229999999999997
11,心曲,1.9000000000000001
11,心灵的阳光,0.68
11,忍者神龟,0.0
11,忍者神龟：变种时代,30092.06
11,怒放之青春再见,18.280000000000005
11,怦然星动,5.97
11,怨灵,1603.9199999999998
11,怨灵人偶,1.42
11,恋爱通告,0.03
11,恐怖电影院,689.5100000000001
11,意外的恋爱时光,2047.36
11,我不是贼,4.67
11,我为相亲狂,500.9600000000001
11,我们天上见,0.26
11,我在这里,78.61
11,我很帅,0.07
11,我是证人,10940.559999999998
11,我爱你,0.28
11,我爱的是你爱我,2321.1800000000003
11,我的兄弟姐妹,0.11
11,我的处女地,53.8
11,我的少女时代,26836.680000000004
11,我的早更女友,103.81
11,我的男男男男朋友,709.0799999999998
11,我的青春期,1185.93
11,打工老板,0.53
11,扫毒,5374.5599999999995
11,找个高富帅,1.4500000000000002
11,报国之路,0.31
11,拆散专家,424.21000000000004
11,换爱七日,18.119999999999997
11,控制,4091.71
11,推拿,196.22
11,摇滚水果,46.99999999999999
11,撒娇女人最好命,5165.1900000000005
11,斐济99℃爱情,117.10999999999999
11,斯大林格勒,5735.579999999999
11,新康定情歌,0.13
11,无手老师,0.15
11,无用,1.22
11,既然青春留不住,239.96
11,昆塔;盒子总动员,183.78999999999996
11,昆塔盒子总动员,183.78999999999996
11,星际穿越,54151.13
11,暴躁天使,117.06
11,月色狰狞,0.05
11,有种,36.11
11,机器纪元,1619.39
11,杀手欧阳盆栽,0.01
11,李献计历险记,8.73
11,杜拉拉追婚记,11.89
11,梦开始的地方,0.09
11,梦想庄园,0.64
11,森林战士,1338.96
11,步步追魂,437.08
11,毕业那年,0.01
11,求爱大作战,68.75
11,沂蒙六姐妹,1.92
11,浪漫天降,0.09
11,浮云,0.07
11,海上传奇,0.16
11,消失的凶手,4733.0599999999995
11,潜艇总动员,0.08
11,潜龙风云,79.21000000000001
11,激战黎明,1.89
11,火云端,1.83
11,火星救援,32968.759999999995
11,火海逃生,0.02
11,火线反攻,599.25
11,灵臆事件,360.98
11,爱&middot;回家,0.47
11,爱&middot;回家/外婆的家,13.060000000000002
11,爱&middot;在路上,0.03
11,爱在他乡,0.04
11,爱封了,0.02
11,爱情天梯,1.63
11,爱情狂想曲,41.08
11,爱情真可怕,0.01
11,爱情碰碰撞,1.4100000000000001
11,爱拼北京,13.26
11,牛老汉的幸福生活,36.42
11,狂怒,9270.66
11,狂野非洲,798.85
11,狙击时刻,7.079999999999999
11,猎仇者,570.5400000000002
11,猛龙特,46.02
11,猩球崛起,0.45
11,王后秘史,0.08
11,玩命速递：重启之战,11839.909999999998
11,玫瑰天涯,0.02
11,甜心巧克力,402.92
11,生死28小时,3.6100000000000003
11,男二本色,0.1
11,痞子&middot;洛克,3.25
11,痞子;洛克,3.25
11,痞子洛克,3.25
11,盗走达芬奇,0.04
11,看上去很美,0.18
11,破五,0.76
11,神剑传奇,1.98
11,私奔B计划,125.73
11,秘术,485.5299999999999
11,移动迷宫,8409.86
11,移动迷宫2,15127.979999999998
11,等你追我,7.81
11,精灵旅社,5998.07
11,精灵旅社2,3894.5800000000004
11,索马里真相,0.01
11,红包,0.23
11,红粉,0.18
11,红鹰侠,0.02
11,终极匹配,0.04
11,绝命海拔,8218.130000000001
11,绿茶,0.1
11,罗西与莫妮卡之骊y情,2.4499999999999997
11,老哨卡,1.26
11,老萨的战争,0.16999999999999998
11,老表轶事（花鼓戏）,0.22
11,背水一战,590.33
11,胡僧,0.19
11,舍身技,2.8300000000000005
11,葫芦兄弟,0.04
11,藏地桃花,0.01
11,藏羚王之雪域精灵,423.47
11,蝴蝶梦,0.05
11,行歌坐月,0.01
11,街舞小子,6.150000000000001
11,警察追击,0.02
11,诡婴吉咪,1274.82
11,诡影迷情,192.43
11,诡拼车,186.52
11,说说美丽世界,0.04
11,请将我遗忘,0.03
11,赤焰战场,1.11
11,赤焰战场2,5304.749999999999
11,赵氏孤儿,0.02
11,超体,4501.58
11,超蛙战士之初露锋芒,38.79
11,跑出一片天,3.21
11,过年回家,0.08
11,这里是新疆,0.06
11,追你到天边,0.42
11,遥远的拥抱,37.58
11,遭遇海明威,4.029999999999999
11,郑和1405：魔海寻踪,64.29
11,重返十八,0.02
11,野草莓,7.45
11,野蛮秘笈,0.03
11,金蝉脱壳,19802.55
11,铁甲钢拳,0.95
11,铁血娇娃,499.8
11,铁血残阳,0.07
11,门球健将,0.09
11,陪安东尼度过漫长岁月,6094.0
11,雨夜惊魂,138.64000000000001
11,雪花秘扇,0.04
11,雷神,49.949999999999996
11,雷神2：黑暗世界,30857.460000000003
11,露水红颜,5844.77
11,青春小说,0.03
11,青春时光,4.64
11,飘落的羽毛,13.61
11,飞天鱼,1.2900000000000003
11,飞鱼秀,2.58
11,饥饿游戏,28.579999999999995
11,饥饿游戏2:星火燎原,13886.539999999999
11,饥饿游戏3：嘲笑鸟（下）,13730.23
11,马达加斯加3,54.84
11,马达加斯加的企鹅,15988.570000000003
11,高举爱,0.04
11,魔比斯环,15.919999999999998
11,鸣梁海战,0.5900000000000001
11,黄克功案件,1.0
11,黄飞鸿之英雄有梦,14792.59
11,黑月,93.82000000000001
11,龙在哪里?,218.53
11,龙舞金瓶,0.12
11,龙门飞甲,0.5
12,201314,2.53
12,201413,2.31
12,21岁派对,1.9100000000000001
12,37次想你,40.84
12,一个勺子,29.189999999999998
12,一九四二,16.09
12,一兵一卒,0.06999999999999999
12,一切都好,672.8299999999999
12,一剑钟情,0.01
12,一念天堂,3143.82
12,一步之城,0.8500000000000001
12,一步之遥,47010.76
12,万万没想到,30818.199999999997
12,三个未婚妈妈,0.02
12,三十七,0.04
12,三岔口,54.56999999999999
12,三毛流浪记,0.02
12,三笑之才子佳人,0.04
12,不可思异,8616.35
12,东京审判,0.02
12,东北偏北,40.47
12,东方大港,0.88
12,中国好声音之为你转身,201.24
12,乱战,0.08
12,乳娘情,1.08
12,亚瑟和他的迷你王国2,0.27999999999999997
12,人再逋局泰,4320.88
12,人在逋,1.29
12,今天&middot;明天,0.05
12,今天我休息,0.08
12,从天“儿”降,3945.5499999999997
12,从天儿降,11.03
12,侠僧探案传奇之大兴赌坊,0.01
12,兄弟之生死同盟,0.0
12,光棍终结者,0.02
12,全力扣杀,74.14
12,六壮士,0.01
12,冰雪11天,1.08
12,凡人烦恼,2.4699999999999993
12,凤凰台,0.02
12,凶间雪山,37.13
12,分手再说我爱你,887.67
12,分手木马计,3.91
12,初夏日记,0.72
12,初恋红豆冰,0.0
12,别拿自己不当干部,0.03
12,刺客,10.25
12,剑齿王朝,1.36
12,匆匆那些年,40.10000000000001
12,匆匆那年,31587.479999999996
12,北京时间,2561.9300000000003
12,北极,0.15
12,十万个冷笑话,1179.0700000000002
12,十二生肖,4589.62
12,十五岁的笑脸,4.05
12,千锤百炼,7.83
12,午夜凶梦,3.51
12,半生缘,0.42000000000000004
12,单身男女,0.01
12,南京,0.03
12,南方大冰雪,1.07
12,博物馆奇妙夜3,3.44
12,双胞胎,0.04
12,双雄,735.1199999999998
12,变节-潜罪犯,0.01
12,古城会,0.53
12,可可西里,0.15
12,史前怪兽,900.4
12,叶问,0.6
12,叶问2 宗师传奇,0.01
12,向阳花开,0.9
12,听见下雨的声音,164.98000000000002
12,吴仁宝,8.0
12,命运呼叫转移,0.07
12,咕噜咕噜美人鱼,732.3299999999998
12,唐人街探案,13883.18
12,啊朋友还钱,224.95999999999998
12,喜羊羊与灰太狼之牛气冲天,7.48
12,四大名捕,1.36
12,四大名捕2,15977.67
12,圣杯神器：骸骨之城,0.47
12,圣诞大赢家,439.96000000000004
12,地下室惊魂,86.77
12,地心引力,2503.16
12,坏姐姐之拆婚联盟,292.77000000000004
12,坏蛋必须死,1022.29
12,城市门,0.01
12,大上海,899.77
12,大唐风云,3.6
12,大地有爱,0.01
12,大块头有大智慧,0.01
12,大城小事,0.0
12,大李小李和老李,0.04
12,大李，小李和老李,0.04
12,大武当之天地密码,0.01
12,大灌篮,0.02
12,大电影2.0之两个傻瓜的荒唐事,0.01
12,大胃王,0.01
12,天之恩赐,0.9400000000000001
12,天理难容,0.15
12,天生狂野,0.13
12,太平轮（上）,15484.15
12,太空熊猫历险记,114.54999999999998
12,奥林匹斯的陷落,2043.8700000000001
12,女人不坏,0.02
12,女理发师,0.11000000000000001
12,她们的名字叫做红,0.39999999999999997
12,孔雀,0.25
12,孝女彩金,4.46
12,安娜卡列尼娜,0.05
12,宝岛双雄,0.01
12,宝莲灯,1.3
12,宝葫芦的秘密,6.23
12,实习生,1.3
12,家有喜事2009,5.950000000000001
12,密道追踪之阴兵虎符,831.92
12,对不起，我爱你,1.25
12,寻龙诀,124066.84000000001
12,"将错,就错",0.04
12,小巷总理,0.17
12,小战象,3.6
12,小虎斑斑,0.68
12,小街,0.08
12,小门神,515.38
12,小鱼吃大鱼,0.11
12,少年岳飞传奇,0.06
12,少林英雄,0.15
12,山乡书记,0.01
12,师父,5188.48
12,平原游击队,0.02
12,平壤之约,100.1
12,年少轻狂,2.71
12,幸福快递,38.610000000000014
12,幸运组合,2.11
12,建党伟业,1.0
12,异度迷局,7.71
12,弹无虚发之对决黄金谷,0.02
12,强者,0.01
12,微爱之渐入佳境,14406.119999999999
12,心灵解码,0.69
12,心迷宫,0.04
12,忠诚,0.02
12,怦然星动,14419.560000000001
12,怨灵人偶,592.0
12,恋爱通告,0.02
12,恶棍天使,58791.06
12,情归陶然亭,41.63
12,惊爆红色十月,0.01
12,我不是贼,1.7200000000000004
12,我们恋爱吧,1.55
12,我是女王,0.03
12,我的唐朝兄弟,0.06
12,我的少女时代,1225.5
12,我的影子在奔跑,0.22
12,我的早更女友,11965.24
12,我的渡口,24.490000000000002
12,我的狗狗我的爱,4.77
12,我的美丽王国,55.97
12,我老公不靠谱,5.8
12,我要回城,3.3
12,战鸽快飞,3.6
12,房间里的舞蹈,0.64
12,手机,0.07
12,扫毒,8830.890000000001
12,找个高富帅,0.04
12,抢劫坚果店,1924.1000000000004
12,报国之路,21.47
12,指尖太阳,0.93
12,换爱七日,0.02
12,探秘者,15.08
12,推拿,109.68
12,摇滚水果,3.8000000000000003
12,擦枪走火,377.34999999999997
12,故园秋色,1.35
12,敏感事件,0.0
12,救火英雄,25.66
12,文雀,3.31
12,斑马总动员,347.65999999999997
12,新龙门客栈,19.95
12,无人区,20646.41
12,无敌小子霍元甲,0.88
12,无用,7.120000000000001
12,无间道,0.15
12,无间道2,0.15
12,无间道3,0.15
12,时尚先生,0.46
12,昆塔;盒子总动员,2.1500000000000004
12,昆塔盒子总动员,2.1500000000000004
12,晚秋,0.04
12,智取威虎山3D,38991.13
12,暴躁天使,2.54
12,最强质2011,0.38
12,最美的时候遇见你,81.72999999999999
12,月色狰狞,0.01
12,有招没招,35.96000000000001
12,未营业,0.02
12,末日情人,0.06
12,末日浩劫,1291.74
12,机动部队-同袍,6.89
12,机器纪元,456.61999999999995
12,杀手欧阳盆栽,0.02
12,杂技小精灵,11.95
12,李祥和的婚事,0.22
12,杜拉拉追婚记,3305.5
12,极盗者,20506.39
12,极速风流,1888.14
12,桃枝的桃,0.15
12,梅花,1.01
12,梦幻佳期,39.97
12,森林战士,2488.24
12,正果,6.050000000000001
12,武侠,0.01
12,武昌情殇,2.16
12,江山美人,12.32
12,没女神探,197.14
12,洛克王国！圣龙骑士,6.06
12,浩昊文字国历险记--大闹无字城,15.930000000000001
12,浮出水面的影子,0.06
12,海底大冒险,1229.77
12,海绵宝宝,3584.5500000000006
12,消失的凶手,2366.32
12,消失的爱人,2.98
12,满意不满意,0.06
12,潜艇总动员,0.09
12,潜艇总动员2,0.08
12,火云端,1.7000000000000002
12,火星救援,15417.869999999999
12,火线反攻,349.07
12,灵臆事件,11.13
12,爱&middot;在路上,0.06
12,爱你一生一世,4.32
12,爱你不等来生,21.07
12,爱在他乡,0.19
12,爱情狂想曲,14.38
12,爱情真可怕,0.01
12,爱情碰碰撞,0.03
12,爱的替身,0.09
12,犀利人妻,74.58
12,狂怒,667.63
12,狗十三,0.23
12,狼少年,391.62000000000006
12,王牌,1015.34
12,王的盛宴,1.04
12,王者之心,0.05
12,玩命时光,35.28
12,玩命速递：重启之战,446.53999999999996
12,生日历险,0.1
12,电商时代,20.88
12,男人不可以穷,1048.1
12,男左女右,0.21
12,画壁,1.0
12,皇帝的新装之圣诞大明星,19.65
12,看上去很美,0.02
12,石斛兰,0.01
12,碧罗雪山,0.06
12,神兵小将,1.91
12,神通乡巴佬,0.0
12,私人订制,54317.01
12,秘密花园,65.28
12,秘岸,3.92
12,窃听风云,0.02
12,笑过2012,0.27
12,等你追我,0.64
12,等风来,2158.48
12,精武青春,87.97
12,索命暹罗之按摩师,79.32
12,索马里真相,0.01
12,紫霞,33.37
12,红番区,0.08
12,红鹰侠,0.02
12,纽约行动,0.1
12,细菌大作战,1.36
12,给你一千万,2.59
12,给太太打工,0.15
12,绝对底线,0.0
12,绿色救赎之追捕真凶,0.28
12,绿茶,0.05
12,美丽家园,0.04
12,美丽的夜晚,0.04
12,美人草,0.05
12,老哨卡,0.12
12,老炮儿,46224.98
12,胜利大阅兵,15.490000000000002
12,自古英雄出少年之岳飞,0.01
12,舌尖上的新年,0.83
12,舍身技,0.77
12,舞出我人生,0.04
12,色&middot;戒,0.06
12,艺术家,50.04
12,花咒,605.24
12,花好月圆,0.01
12,花样年华,0.25
12,花田质2010,0.15
12,荒岛情未了,0.05
12,葫芦兄弟,0.08
12,蔡李佛-极限拳速,0.01
12,血滴子,324.11
12,街舞小子,0.03
12,西游新传,0.08
12,观音山,0.06
12,警察故事2013,34453.97
12,警察日记,0.02
12,警察追击,0.05
12,许海峰的枪,0.47
12,诡娃娃,174.74999999999997
12,诡影迷情,102.78
12,谁动了我的梦想,276.65
12,赛尔号2：雷伊与迈尔斯,0.03
12,赛尔号之寻找凤凰神兽,0.36
12,赤焰战场,0.01
12,赤裸的微笑,0.03
12,赵氏孤儿,0.01
12,超强台风,0.15
12,超蛙战士之初露锋芒,13.08
12,超蛙战士之威武教官,2.45
12,足球大侠,1.06
12,跑出一片天,3.98
12,路边草,0.03
12,过界,2.6
12,还魂之迷失曼谷,651.6300000000001
12,迷魂之密室逃脱,249.98
12,通道转兵,1.17
12,遍地狼烟,0.01
12,邋遢大王奇遇记,0.84
12,那座山,0.17
12,那是说着玩的,0.01
12,郑和1405：魔海寻踪,56.660000000000004
12,重返20岁,1.88
12,重返大海,37.82
12,野草莓,11.09
12,野蛮秘笈,0.05
12,金箍棒传奇,88.99
12,铁线虫入侵,0.19
12,铜雀台,13.769999999999998
12,门,0.01
12,门徒,0.15
12,闯堂兔2疯狂马戏团,697.9899999999999
12,青春小说,0.05
12,青春时光,1.6900000000000004
12,青春的应答,0.02
12,青春祭,0.12
12,青红,0.0
12,青蛙王国,725.83
12,非常主播,0.04
12,非诚勿扰2,0.03
12,风暴,16858.559999999998
12,飘落的羽毛,12.279999999999998
12,飞天鱼,0.19
12,饥饿游戏,1.06
12,饥饿游戏2:星火燎原,1707.6699999999998
12,饥饿游戏3：嘲笑鸟（下）,204.13
12,马兰花,0.83
12,马背上的法庭,0.02
12,高举爱,0.0
12,魁拔,5.35
12,鱼龙勇士,1.36
12,鸣梁海战,2301.16
12,麦兜当当伴我心,0.5
12,黄克功案件,66.53
12,黑猫警长,4.05
12,黑金风暴,0.18000000000000002
12,龙凤店,0.04
12,龙门飞甲,0.02
12,龙骧虎跃,0.03
